attendance,marks,cgpa,course_score,course_attendance,credits,course_difficulty,learning_pace,weekly_available_hours,target_risk_level,target_study_hours
79.96,60.6,6.29,50.03,82.32,4,3.4,1,22.09,2,3.53
79.96,60.6,6.29,51.33,80.09,3,3.6,1,22.09,2,2.58
79.96,60.6,6.29,47.06,81.29,4,4.2,1,22.09,2,4.13
87.61,65.14,6.33,53.43,89.36,3,4.0,1,23.65,1,2.46
87.61,65.14,6.33,56.56,84.41,4,3.8,1,23.65,1,3.0
87.61,65.14,6.33,59.69,80.02,4,4.2,1,23.65,1,2.88
76.62,68.96,6.54,52.84,71.56,4,3.8,2,9.67,2,2.52
76.62,68.96,6.54,49.31,67.25,3,4.0,2,9.67,2,2.33
76.62,68.96,6.54,60.73,80.81,4,3.4,2,9.67,1,1.87
71.98,69.24,6.84,58.75,59.72,4,3.8,2,12.92,2,2.21
71.98,69.24,6.84,55.05,68.29,4,4.2,2,12.92,2,2.4
71.98,69.24,6.84,62.03,71.62,3,3.6,2,12.92,1,1.42
77.57,50.38,4.54,51.35,80.58,4,4.2,3,16.76,2,2.24
77.57,50.38,4.54,50.85,85.8,4,3.4,3,16.76,2,2.22
77.57,50.38,4.54,51.26,76.03,2,2.1,3,16.76,2,1.0
42.14,44.63,4.32,24.48,42.03,4,3.8,2,14.84,2,4.88
42.14,44.63,4.32,32.39,42.75,3,3.6,2,14.84,2,3.24
42.14,44.63,4.32,34.81,45.0,4,3.4,2,14.84,2,3.96
78.08,60.87,6.36,52.13,85.39,4,3.8,3,11.4,1,2.13
78.08,60.87,6.36,54.89,89.68,3,4.0,3,11.4,1,1.59
78.08,60.87,6.36,49.18,82.39,3,3.6,3,11.4,2,1.89
79.14,36.83,4.2,34.57,68.87,4,4.2,2,19.71,2,4.34
79.14,36.83,4.2,34.52,75.53,4,3.4,2,19.71,2,4.16
79.14,36.83,4.2,51.36,77.42,2,2.1,2,19.71,2,1.54
79.14,36.83,4.2,37.33,82.54,3,4.0,2,19.71,2,2.62
75.81,59.54,5.49,46.56,74.34,4,3.8,2,15.9,2,2.97
75.81,59.54,5.49,53.73,75.35,3,3.6,2,15.9,1,2.01
75.81,59.54,5.49,60.89,75.89,4,3.4,2,15.9,1,2.35
75.81,59.54,5.49,54.95,79.56,2,2.1,2,15.9,1,1.14
71.32,64.37,6.6,49.54,65.76,3,3.6,3,15.71,2,1.67
71.32,64.37,6.6,63.49,75.1,4,3.8,3,15.71,1,1.11
71.32,64.37,6.6,53.82,77.66,3,4.0,3,15.71,1,1.69
62.49,66.19,6.94,52.68,55.39,4,3.8,3,13.58,2,1.88
62.49,66.19,6.94,47.79,62.9,4,4.2,3,13.58,2,2.29
62.49,66.19,6.94,46.96,57.01,3,4.0,3,13.58,2,1.96
50.1,49.82,4.79,39.09,45.51,3,4.0,3,19.11,2,1.85
50.1,49.82,4.79,40.35,44.96,4,4.2,3,19.11,2,2.82
50.1,49.82,4.79,35.5,40.81,3,3.6,3,19.11,2,2.48
99.0,74.72,8.05,83.57,97.58,2,2.1,1,14.15,0,1.0
99.0,74.72,8.05,63.46,91.23,4,3.8,1,14.15,1,1.87
99.0,74.72,8.05,71.71,100.0,4,4.2,1,14.15,0,1.12
99.0,74.72,8.05,79.88,99.35,3,3.6,1,14.15,0,1.0
71.57,57.97,6.02,51.4,75.69,3,3.6,2,16.5,2,1.97
71.57,57.97,6.02,49.49,68.65,4,3.8,2,16.5,2,2.78
71.57,57.97,6.02,47.99,67.84,4,3.4,2,16.5,2,3.2
71.57,57.97,6.02,51.02,73.74,4,4.2,2,16.5,2,2.99
80.62,55.24,4.9,56.31,85.57,3,3.6,3,11.12,1,1.31
80.62,55.24,4.9,48.12,84.71,3,4.0,3,11.12,2,1.75
80.62,55.24,4.9,51.32,81.2,4,4.2,3,11.12,2,2.6
80.62,55.24,4.9,49.16,74.58,2,2.1,3,11.12,2,1.14
81.49,69.1,6.91,55.23,76.54,4,3.8,1,12.41,1,2.96
81.49,69.1,6.91,56.54,76.56,4,4.2,1,12.41,1,2.91
81.49,69.1,6.91,66.45,78.66,2,2.1,1,12.41,1,1.0
65.38,51.82,5.29,44.35,61.28,4,3.4,2,21.9,2,3.38
65.38,51.82,5.29,45.97,68.33,3,3.6,2,21.9,2,2.18
65.38,51.82,5.29,53.49,63.32,2,2.1,2,21.9,2,1.29
65.38,51.82,5.29,43.05,68.22,4,4.2,2,21.9,2,3.62
68.82,74.45,7.87,51.96,66.97,4,4.2,3,23.26,2,1.92
68.82,74.45,7.87,53.17,60.7,4,3.8,3,23.26,2,1.72
68.82,74.45,7.87,50.46,66.88,4,3.4,3,23.26,2,1.81
66.24,50.4,5.63,43.34,65.8,4,3.4,3,9.08,2,2.36
66.24,50.4,5.63,50.89,68.29,2,2.1,3,9.08,2,1.0
66.24,50.4,5.63,32.76,51.53,4,4.2,3,9.08,2,3.48
66.24,50.4,5.63,44.35,67.8,3,4.0,3,9.08,2,2.04
70.24,40.64,4.2,29.85,49.37,4,4.2,2,18.14,2,4.92
70.24,40.64,4.2,51.47,66.86,4,3.8,2,18.14,2,2.62
70.24,40.64,4.2,44.76,77.14,4,3.4,2,18.14,2,3.35
70.24,40.64,4.2,38.85,70.57,3,4.0,2,18.14,2,3.31
77.01,55.82,4.87,46.28,66.79,4,3.8,3,23.85,2,2.45
77.01,55.82,4.87,47.35,64.61,4,3.4,3,23.85,2,2.45
77.01,55.82,4.87,52.18,79.21,2,2.1,3,23.85,1,1.0
77.01,55.82,4.87,52.5,76.64,4,4.2,3,23.85,1,2.19
67.64,47.27,4.69,38.46,67.39,4,3.4,1,11.86,2,5.24
67.64,47.27,4.69,42.93,65.36,2,2.1,1,11.86,2,1.8
67.64,47.27,4.69,42.54,67.78,3,4.0,1,11.86,2,3.46
67.64,47.27,4.69,50.74,68.79,4,3.8,1,11.86,2,3.61
84.4,69.13,6.79,52.89,78.03,3,4.0,2,19.61,1,1.89
84.4,69.13,6.79,64.31,85.71,4,3.8,2,19.61,1,1.69
84.4,69.13,6.79,58.55,79.16,3,3.6,2,19.61,1,1.73
84.4,69.13,6.79,74.67,81.76,2,2.1,2,19.61,0,1.0
90.75,54.82,4.81,46.95,88.0,3,4.0,3,19.77,2,1.76
90.75,54.82,4.81,55.39,85.78,2,2.1,3,19.77,1,1.0
90.75,54.82,4.81,52.99,93.09,3,3.6,3,19.77,1,1.53
65.31,48.6,5.04,40.17,69.16,4,3.4,2,16.83,2,3.64
65.31,48.6,5.04,42.33,64.03,4,3.8,2,16.83,2,3.51
65.31,48.6,5.04,41.59,70.6,2,2.1,2,16.83,2,1.13
65.31,48.6,5.04,53.99,77.29,4,4.2,2,16.83,1,2.35
99.0,66.41,6.57,59.3,100.0,3,4.0,3,16.64,1,1.29
99.0,66.41,6.57,64.75,100.0,4,3.8,3,16.64,1,1.28
99.0,66.41,6.57,52.34,100.0,4,4.2,3,16.64,1,2.23
99.0,66.41,6.57,67.58,100.0,4,3.4,3,16.64,1,1.0
77.0,68.41,6.03,47.74,78.45,3,4.0,2,22.04,2,2.15
77.0,68.41,6.03,71.72,82.5,2,2.1,2,22.04,0,1.0
77.0,68.41,6.03,63.49,81.97,4,3.8,2,22.04,1,1.71
81.9,53.96,5.97,64.99,75.79,3,3.6,1,15.84,1,1.35
81.9,53.96,5.97,46.75,82.07,4,4.2,1,15.84,2,4.27
81.9,53.96,5.97,52.09,89.0,3,4.0,1,15.84,1,2.68
69.12,41.49,4.43,49.95,72.98,4,3.4,3,10.0,2,2.28
69.12,41.49,4.43,35.72,65.34,3,4.0,3,10.0,2,2.33
69.12,41.49,4.43,43.26,66.7,2,2.1,3,10.0,2,1.35
69.12,41.49,4.43,31.18,62.79,4,4.2,3,10.0,2,3.89
64.44,60.05,6.17,30.89,55.11,4,3.8,1,21.28,2,6.02
64.44,60.05,6.17,48.48,67.27,2,2.1,1,21.28,2,1.54
64.44,60.05,6.17,45.02,59.0,4,3.4,1,21.28,2,3.82
64.44,60.05,6.17,49.95,64.22,3,4.0,1,21.28,2,2.84
57.92,51.35,4.76,49.4,49.32,4,3.4,2,11.53,2,3.02
57.92,51.35,4.76,35.95,64.16,4,4.2,2,11.53,2,4.58
57.92,51.35,4.76,28.87,54.54,2,2.1,2,11.53,2,2.09
67.19,52.74,4.98,36.51,74.52,4,3.4,3,19.69,2,2.91
67.19,52.74,4.98,50.42,82.62,3,3.6,3,19.69,2,1.23
67.19,52.74,4.98,50.43,68.05,4,3.8,3,19.69,2,2.3
67.19,52.74,4.98,44.3,67.27,3,4.0,3,19.69,2,1.8
76.77,53.06,5.55,50.09,78.13,4,4.2,1,17.87,2,3.67
76.77,53.06,5.55,45.5,74.8,3,4.0,1,17.87,2,3.39
76.77,53.06,5.55,54.27,73.01,3,3.6,1,17.87,1,2.45
76.0,50.04,5.0,53.15,71.23,4,3.8,1,17.33,2,3.07
76.0,50.04,5.0,50.28,69.73,2,2.1,1,17.33,2,1.71
76.0,50.04,5.0,51.62,81.7,4,3.4,1,17.33,2,3.41
76.0,50.04,5.0,45.16,71.44,3,3.6,1,17.33,2,2.61
67.26,58.14,5.67,38.3,56.22,4,3.8,2,13.42,2,3.86
67.26,58.14,5.67,43.98,70.37,3,4.0,2,13.42,2,2.4
67.26,58.14,5.67,41.24,63.59,4,3.4,2,13.42,2,3.22
62.29,62.8,5.95,48.56,58.84,3,4.0,2,26.53,2,2.23
62.29,62.8,5.95,48.41,69.19,3,3.6,2,26.53,2,2.55
62.29,62.8,5.95,56.88,58.53,4,4.2,2,26.53,2,2.17
62.29,62.8,5.95,63.6,66.08,2,2.1,2,26.53,1,1.0
65.27,51.43,5.12,48.25,70.28,3,3.6,1,18.48,2,2.53
65.27,51.43,5.12,53.01,67.85,2,2.1,1,18.48,2,1.19
65.27,51.43,5.12,47.74,58.79,4,3.8,1,18.48,2,4.07
65.27,51.43,5.12,41.98,65.44,4,4.2,1,18.48,2,4.63
75.15,54.71,5.32,49.96,83.16,4,4.2,1,14.76,2,3.89
75.15,54.71,5.32,59.46,76.03,4,3.4,1,14.76,1,2.47
75.15,54.71,5.32,40.98,68.59,2,2.1,1,14.76,2,1.81
99.0,65.95,6.36,54.94,97.2,3,4.0,1,9.92,1,2.15
99.0,65.95,6.36,51.18,87.4,4,3.8,1,9.92,2,3.67
99.0,65.95,6.36,56.83,98.01,3,3.6,1,9.92,1,2.0
88.01,82.61,7.71,68.1,85.03,4,3.4,1,16.3,0,1.31
88.01,82.61,7.71,82.58,92.78,2,2.1,1,16.3,0,1.0
88.01,82.61,7.71,62.14,83.77,3,4.0,1,16.3,1,1.92
88.01,82.61,7.71,68.52,82.96,3,3.6,1,16.3,0,1.26
80.52,73.12,7.01,68.51,77.42,2,2.1,2,16.42,0,1.0
80.52,73.12,7.01,63.08,95.68,4,3.4,2,16.42,1,1.83
80.52,73.12,7.01,72.48,84.61,3,3.6,2,16.42,0,1.0
81.09,73.69,7.66,55.74,78.87,4,3.8,2,18.03,1,2.42
81.09,73.69,7.66,61.91,83.6,4,4.2,2,18.03,1,1.83
81.09,73.69,7.66,55.72,85.99,4,3.4,2,18.03,1,2.27
81.09,73.69,7.66,55.49,85.61,3,3.6,2,18.03,1,1.77
77.2,56.45,5.83,54.56,80.31,2,2.1,2,16.19,1,1.25
77.2,56.45,5.83,47.4,73.03,3,4.0,2,16.19,2,2.18
77.2,56.45,5.83,55.52,66.97,3,3.6,2,16.19,2,1.64
77.2,56.45,5.83,40.86,76.52,4,4.2,2,16.19,2,3.98
67.49,63.89,6.55,53.37,56.41,2,2.1,1,18.31,2,1.25
67.49,63.89,6.55,55.76,62.81,4,3.4,1,18.31,2,3.06
67.49,63.89,6.55,64.86,60.51,3,3.6,1,18.31,1,1.48
72.1,45.79,4.45,47.88,71.56,4,4.2,3,16.09,2,2.78
72.1,45.79,4.45,33.97,71.86,4,3.8,3,16.09,2,3.17
72.1,45.79,4.45,38.67,77.14,3,4.0,3,16.09,2,1.89
72.1,45.79,4.45,28.79,69.38,3,3.6,3,16.09,2,2.86
83.43,68.14,6.48,53.04,83.8,3,4.0,1,15.81,1,2.75
83.43,68.14,6.48,54.61,87.22,3,3.6,1,15.81,1,2.35
83.43,68.14,6.48,66.5,93.64,4,4.2,1,15.81,1,2.0
89.18,72.64,7.15,73.99,91.59,3,4.0,2,25.65,0,1.0
89.18,72.64,7.15,56.02,82.99,4,4.2,2,25.65,1,2.59
89.18,72.64,7.15,64.45,100.0,4,3.8,2,25.65,1,1.7
89.18,72.64,7.15,65.49,82.42,4,3.4,2,25.65,1,1.46
87.09,64.79,6.81,61.64,100.0,3,4.0,2,19.49,1,1.29
87.09,64.79,6.81,66.54,96.15,4,4.2,2,19.49,1,1.63
87.09,64.79,6.81,48.42,79.43,4,3.4,2,19.49,2,2.85
87.09,64.79,6.81,55.13,91.59,3,3.6,2,19.49,1,1.44
57.37,64.0,5.49,48.88,43.97,4,3.4,1,17.51,2,3.75
57.37,64.0,5.49,50.13,59.62,3,3.6,1,17.51,2,2.45
57.37,64.0,5.49,46.01,64.02,3,4.0,1,17.51,2,3.09
48.86,47.41,4.65,30.34,57.29,4,3.8,1,20.93,2,5.5
48.86,47.41,4.65,42.56,53.1,3,4.0,1,20.93,2,3.41
48.86,47.41,4.65,53.03,58.36,3,3.6,1,20.93,2,2.37
75.79,54.91,5.27,51.57,81.29,4,3.8,1,13.85,2,2.91
75.79,54.91,5.27,52.46,88.32,4,3.4,1,13.85,1,3.08
75.79,54.91,5.27,51.07,79.47,2,2.1,1,13.85,2,1.93
71.71,59.62,6.27,55.28,72.92,3,4.0,3,17.98,2,1.64
71.71,59.62,6.27,52.42,75.54,2,2.1,3,17.98,2,1.0
71.71,59.62,6.27,44.6,73.53,4,4.2,3,17.98,2,2.72
71.71,59.62,6.27,54.7,73.64,4,3.4,3,17.98,2,1.91
71.07,66.73,7.09,55.57,70.17,3,3.6,3,11.09,2,1.35
71.07,66.73,7.09,44.64,64.49,4,3.8,3,11.09,2,2.4
71.07,66.73,7.09,48.52,65.12,2,2.1,3,11.09,2,1.0
71.07,66.73,7.09,61.32,80.92,3,4.0,3,11.09,1,1.53
85.78,61.93,5.32,71.76,91.92,4,3.4,1,25.16,0,1.25
85.78,61.93,5.32,59.69,89.35,3,4.0,1,25.16,1,2.01
85.78,61.93,5.32,55.72,86.41,3,3.6,1,25.16,1,2.17
85.78,61.93,5.32,51.92,75.62,4,3.8,1,25.16,2,3.23
76.16,73.81,7.7,54.32,79.46,3,4.0,2,9.72,1,1.59
76.16,73.81,7.7,60.58,72.55,4,3.8,2,9.72,1,1.98
76.16,73.81,7.7,60.93,76.04,4,4.2,2,9.72,1,2.19
75.5,55.23,5.57,55.93,67.09,4,3.8,3,18.17,2,1.66
75.5,55.23,5.57,51.36,71.19,3,4.0,3,18.17,2,1.86
75.5,55.23,5.57,50.74,71.46,4,3.4,3,18.17,2,2.52
75.5,55.23,5.57,49.24,68.38,3,3.6,3,18.17,2,1.75
71.78,56.18,5.63,62.11,71.25,4,3.8,2,15.41,1,2.08
71.78,56.18,5.63,55.17,81.84,2,2.1,2,15.41,1,1.36
71.78,56.18,5.63,48.16,69.5,4,3.4,2,15.41,2,2.69
71.78,56.18,5.63,38.55,67.88,4,4.2,2,15.41,2,3.8
76.81,44.68,4.58,45.43,86.84,4,4.2,2,19.33,2,3.32
76.81,44.68,4.58,45.47,80.16,4,3.4,2,19.33,2,2.94
76.81,44.68,4.58,42.54,77.82,2,2.1,2,19.33,2,1.34
65.17,66.21,7.0,59.72,70.37,4,3.4,3,18.44,1,1.26
65.17,66.21,7.0,48.08,63.75,4,4.2,3,18.44,2,2.47
65.17,66.21,7.0,67.11,66.11,3,3.6,3,18.44,1,1.0
60.12,35.69,4.2,29.7,62.81,3,4.0,2,13.13,2,3.89
60.12,35.69,4.2,24.0,60.28,4,4.2,2,13.13,2,4.82
60.12,35.69,4.2,42.82,68.98,4,3.4,2,13.13,2,3.41
69.66,51.81,4.99,44.83,73.94,4,4.2,1,19.92,2,4.92
69.66,51.81,4.99,39.29,75.14,4,3.4,1,19.92,2,4.94
69.66,51.81,4.99,53.29,64.87,2,2.1,1,19.92,2,1.0
72.7,57.3,5.59,46.86,73.0,3,4.0,2,17.21,2,2.05
72.7,57.3,5.59,50.29,64.72,4,3.4,2,17.21,2,2.42
72.7,57.3,5.59,55.68,76.58,4,4.2,2,17.21,1,2.05
65.49,62.56,6.45,61.73,71.19,2,2.1,2,12.31,1,1.0
65.49,62.56,6.45,47.96,75.78,3,3.6,2,12.31,2,1.79
65.49,62.56,6.45,47.92,57.59,4,3.8,2,12.31,2,2.99
65.49,62.56,6.45,46.42,62.09,3,4.0,2,12.31,2,2.32
94.99,78.19,7.98,59.88,86.66,3,4.0,2,11.23,1,1.93
94.99,78.19,7.98,63.51,90.87,4,3.8,2,11.23,1,1.39
94.99,78.19,7.98,82.01,97.65,2,2.1,2,11.23,0,1.0
94.99,78.19,7.98,61.68,96.74,4,4.2,2,11.23,1,1.77
72.95,59.65,6.17,58.87,79.01,2,2.1,2,18.03,1,1.0
72.95,59.65,6.17,56.13,79.51,3,3.6,2,18.03,1,1.72
72.95,59.65,6.17,52.48,74.36,4,3.4,2,18.03,1,2.77
72.95,59.65,6.17,40.18,80.41,4,3.8,2,18.03,2,3.66
85.38,65.31,6.29,72.28,89.23,2,2.1,3,18.84,0,1.0
85.38,65.31,6.29,70.81,94.12,4,3.4,3,18.84,0,1.0
85.38,65.31,6.29,57.63,80.26,4,3.8,3,18.84,1,1.64
66.86,41.96,4.2,44.52,59.59,4,3.4,2,8.21,2,3.32
66.86,41.96,4.2,46.17,79.64,3,3.6,2,8.21,2,2.66
66.86,41.96,4.2,34.68,73.61,3,4.0,2,8.21,2,2.84
66.86,41.96,4.2,37.41,63.62,4,4.2,2,8.21,2,4.11
73.84,63.98,6.25,49.68,74.82,3,3.6,2,12.24,2,2.31
73.84,63.98,6.25,46.93,75.08,4,3.8,2,12.24,2,3.25
73.84,63.98,6.25,55.17,71.71,3,4.0,2,12.24,2,1.76
58.48,60.94,6.36,57.62,53.77,2,2.1,2,18.34,2,1.02
58.48,60.94,6.36,42.95,53.15,3,4.0,2,18.34,2,2.55
58.48,60.94,6.36,48.88,68.84,3,3.6,2,18.34,2,2.35
58.48,60.94,6.36,35.77,49.97,4,3.8,2,18.34,2,4.33
67.38,80.64,7.87,64.62,73.52,4,4.2,2,16.74,1,1.47
67.38,80.64,7.87,59.48,62.47,3,4.0,2,16.74,2,1.42
67.38,80.64,7.87,68.83,71.56,3,3.6,2,16.74,1,1.15
60.3,49.23,4.67,50.57,54.15,3,3.6,1,8.53,2,2.78
60.3,49.23,4.67,35.4,58.94,4,3.8,1,8.53,2,5.57
60.3,49.23,4.67,54.13,71.61,4,3.4,1,8.53,2,2.88
60.3,49.23,4.67,39.15,61.15,2,2.1,1,8.53,2,2.11
68.41,39.68,4.2,30.5,66.76,3,4.0,2,13.87,2,3.62
68.41,39.68,4.2,28.83,62.68,4,4.2,2,13.87,2,4.45
68.41,39.68,4.2,42.32,65.53,4,3.4,2,13.87,2,3.36
75.55,54.66,4.78,45.95,82.51,4,4.2,2,19.13,2,3.53
75.55,54.66,4.78,50.47,78.0,4,3.4,2,19.13,2,2.56
75.55,54.66,4.78,40.5,72.21,3,4.0,2,19.13,2,2.76
64.12,51.63,5.33,53.43,65.56,4,3.4,3,23.66,2,2.02
64.12,51.63,5.33,47.58,62.7,4,4.2,3,23.66,2,2.27
64.12,51.63,5.33,41.43,62.92,3,4.0,3,23.66,2,2.35
63.89,63.17,6.21,45.21,60.99,3,3.6,2,16.89,2,2.72
63.89,63.17,6.21,51.17,65.83,4,3.4,2,16.89,2,2.33
63.89,63.17,6.21,51.17,69.19,4,3.8,2,16.89,2,3.36
77.59,53.15,5.17,40.09,71.92,4,3.8,3,20.59,2,2.99
77.59,53.15,5.17,54.82,77.88,4,3.4,3,20.59,1,1.45
77.59,53.15,5.17,40.31,79.87,4,4.2,3,20.59,2,2.9
74.33,46.05,4.46,40.14,76.37,4,3.8,2,16.36,2,3.69
74.33,46.05,4.46,49.48,68.79,4,3.4,2,16.36,2,2.86
74.33,46.05,4.46,44.13,70.71,3,3.6,2,16.36,2,2.22
74.33,46.05,4.46,40.24,77.23,4,4.2,2,16.36,2,3.71
58.06,60.77,6.33,53.7,54.47,4,4.2,3,13.73,2,2.09
58.06,60.77,6.33,40.47,60.75,3,4.0,3,13.73,2,1.85
58.06,60.77,6.33,51.97,62.84,4,3.8,3,13.73,2,2.2
58.06,60.77,6.33,50.84,56.16,2,2.1,3,13.73,2,1.0
71.31,51.28,5.01,46.72,73.36,4,3.8,2,17.73,2,3.0
71.31,51.28,5.01,49.09,76.46,3,3.6,2,17.73,2,1.86
71.31,51.28,5.01,44.52,67.88,2,2.1,2,17.73,2,1.24
72.83,72.17,7.2,71.24,76.07,2,2.1,1,14.79,0,1.0
72.83,72.17,7.2,72.85,76.24,4,3.4,1,14.79,0,1.44
72.83,72.17,7.2,56.69,70.55,3,3.6,1,14.79,1,2.1
72.83,72.17,7.2,53.95,73.34,3,4.0,1,14.79,2,2.34
81.87,78.3,7.71,70.34,82.29,4,3.8,2,19.18,0,1.08
81.87,78.3,7.71,67.17,87.72,3,4.0,2,19.18,1,1.2
81.87,78.3,7.71,64.42,65.65,3,3.6,2,19.18,1,1.0
81.87,78.3,7.71,79.82,84.93,2,2.1,2,19.18,0,1.0
93.35,82.49,8.82,68.13,100.0,4,4.2,1,18.97,0,1.75
93.35,82.49,8.82,77.72,93.61,3,4.0,1,18.97,0,1.0
93.35,82.49,8.82,61.76,88.89,3,3.6,1,18.97,1,1.71
68.85,48.94,4.4,44.11,70.64,3,4.0,2,15.67,2,2.19
68.85,48.94,4.4,39.96,60.14,3,3.6,2,15.67,2,2.72
68.85,48.94,4.4,41.02,73.82,4,3.8,2,15.67,2,3.5
86.46,66.42,6.49,58.78,84.24,2,2.1,2,16.28,1,1.0
86.46,66.42,6.49,61.59,79.37,3,3.6,2,16.28,1,1.54
86.46,66.42,6.49,63.0,90.59,4,3.4,2,16.28,1,1.74
86.46,66.42,6.49,60.94,92.92,4,4.2,2,16.28,1,1.97
87.58,88.16,8.74,84.22,88.98,2,2.1,2,19.43,0,1.0
87.58,88.16,8.74,65.06,90.29,3,4.0,2,19.43,1,1.48
87.58,88.16,8.74,77.08,90.94,4,3.8,2,19.43,0,1.0
71.77,49.78,4.92,40.38,67.33,4,4.2,3,10.06,2,2.98
71.77,49.78,4.92,44.66,63.31,4,3.8,3,10.06,2,2.14
71.77,49.78,4.92,48.07,80.74,3,4.0,3,10.06,2,1.71
71.77,49.78,4.92,64.19,80.15,3,3.6,3,10.06,1,1.0
72.15,61.99,5.38,60.17,72.79,4,3.4,1,17.34,1,2.66
72.15,61.99,5.38,51.9,66.52,3,3.6,1,17.34,2,2.57
72.15,61.99,5.38,58.24,71.46,2,2.1,1,17.34,1,1.34
54.71,39.09,4.2,46.51,56.15,2,2.1,1,11.29,2,1.48
54.71,39.09,4.2,24.0,57.89,3,4.0,1,11.29,2,4.83
54.71,39.09,4.2,35.47,64.15,4,4.2,1,11.29,2,5.75
54.71,39.09,4.2,28.04,48.33,3,3.6,1,11.29,2,4.4
74.73,64.04,6.74,65.93,81.34,4,3.8,1,8.7,1,1.94
74.73,64.04,6.74,50.43,71.94,4,4.2,1,8.7,2,3.43
74.73,64.04,6.74,64.11,76.26,2,2.1,1,8.7,1,1.0
77.7,56.82,5.78,52.12,79.96,4,3.4,2,14.63,1,2.55
77.7,56.82,5.78,53.3,67.06,3,4.0,2,14.63,2,1.8
77.7,56.82,5.78,54.78,74.12,4,4.2,2,14.63,1,3.1
77.7,56.82,5.78,52.73,84.03,4,3.8,2,14.63,1,2.64
80.25,68.59,7.05,52.61,74.11,3,3.6,1,16.36,1,2.32
80.25,68.59,7.05,53.06,84.59,3,4.0,1,16.36,1,2.62
80.25,68.59,7.05,61.94,86.76,4,3.8,1,16.36,1,2.13
91.36,69.66,7.39,66.15,93.46,3,3.6,1,10.24,1,1.17
91.36,69.66,7.39,64.06,85.6,3,4.0,1,10.24,1,1.2
91.36,69.66,7.39,71.22,97.94,4,4.2,1,10.24,0,1.34
68.32,61.86,5.78,45.02,63.58,4,4.2,2,15.71,2,3.42
68.32,61.86,5.78,51.6,59.45,4,3.4,2,15.71,2,2.51
68.32,61.86,5.78,46.82,71.91,4,3.8,2,15.71,2,3.32
68.32,61.86,5.78,57.11,69.63,3,4.0,2,15.71,2,2.12
55.22,46.2,4.24,33.22,44.22,4,4.2,2,11.94,2,4.25
55.22,46.2,4.24,44.72,51.46,2,2.1,2,11.94,2,1.23
55.22,46.2,4.24,43.73,50.07,3,3.6,2,11.94,2,2.34
55.22,46.2,4.24,36.33,59.59,4,3.8,2,11.94,2,3.9
72.08,67.1,6.63,57.38,81.5,2,2.1,3,19.02,1,1.0
72.08,67.1,6.63,55.34,73.23,4,3.8,3,19.02,1,2.05
72.08,67.1,6.63,55.22,73.3,4,3.4,3,19.02,1,1.82
78.9,60.14,5.02,55.38,77.18,4,3.4,2,16.07,1,2.55
78.9,60.14,5.02,59.66,73.91,3,3.6,2,16.07,1,1.58
78.9,60.14,5.02,55.29,85.79,4,4.2,2,16.07,1,2.4
78.9,60.14,5.02,57.19,81.13,2,2.1,2,16.07,1,1.35
64.3,54.91,5.53,48.13,57.81,4,3.8,3,14.76,2,2.35
64.3,54.91,5.53,43.09,68.26,4,4.2,3,14.76,2,2.57
64.3,54.91,5.53,43.61,72.77,3,4.0,3,14.76,2,1.95
64.3,54.91,5.53,50.56,61.65,2,2.1,3,14.76,2,1.16
71.7,50.52,4.66,46.48,75.47,2,2.1,2,14.13,2,1.73
71.7,50.52,4.66,57.37,75.25,3,3.6,2,14.13,1,1.76
71.7,50.52,4.66,46.62,79.27,3,4.0,2,14.13,2,2.54
71.7,50.52,4.66,41.74,68.87,4,3.8,2,14.13,2,3.67
75.8,66.05,6.36,63.93,75.93,2,2.1,2,15.83,1,1.0
75.8,66.05,6.36,52.67,73.55,4,3.8,2,15.83,2,2.7
75.8,66.05,6.36,56.47,69.13,4,3.4,2,15.83,2,2.41
75.8,66.05,6.36,50.87,85.28,3,4.0,2,15.83,2,1.84
71.19,61.82,6.53,60.63,66.18,3,4.0,2,15.7,1,1.47
71.19,61.82,6.53,62.01,83.33,2,2.1,2,15.7,1,1.0
71.19,61.82,6.53,60.37,70.11,4,3.4,2,15.7,1,2.16
71.19,61.82,6.53,47.69,62.65,4,3.8,2,15.7,2,3.15
54.82,52.77,5.99,52.61,54.98,2,2.1,1,10.55,2,1.22
54.82,52.77,5.99,43.1,49.05,4,4.2,1,10.55,2,4.84
54.82,52.77,5.99,34.6,56.22,3,4.0,1,10.55,2,4.45
54.82,52.77,5.99,43.36,58.53,4,3.4,1,10.55,2,4.05
65.65,43.27,4.49,47.09,60.87,2,2.1,1,18.86,2,1.43
65.65,43.27,4.49,28.84,57.59,3,3.6,1,18.86,2,4.54
65.65,43.27,4.49,42.16,66.26,4,3.8,1,18.86,2,4.46
78.88,45.59,5.04,46.02,81.8,4,4.2,1,11.02,2,4.08
78.88,45.59,5.04,34.89,76.69,4,3.8,1,11.02,2,5.75
78.88,45.59,5.04,35.65,67.93,3,4.0,1,11.02,2,4.09
78.88,45.59,5.04,51.6,84.15,2,2.1,1,11.02,2,1.74
81.94,68.46,6.89,55.15,66.32,4,3.8,1,19.93,2,3.16
81.94,68.46,6.89,54.82,89.36,3,3.6,1,19.93,1,2.54
81.94,68.46,6.89,58.85,71.27,4,3.4,1,19.93,1,2.56
81.94,68.46,6.89,63.45,84.03,2,2.1,1,19.93,1,1.0
60.95,40.67,4.3,37.42,57.53,4,4.2,2,11.4,2,3.98
60.95,40.67,4.3,30.52,52.69,3,4.0,2,11.4,2,3.77
60.95,40.67,4.3,37.45,58.83,2,2.1,2,11.4,2,1.61
53.02,48.49,4.74,34.44,53.22,3,3.6,2,25.2,2,3.13
53.02,48.49,4.74,45.85,59.51,4,3.8,2,25.2,2,3.18
53.02,48.49,4.74,47.26,59.54,4,3.4,2,25.2,2,3.11
53.02,48.49,4.74,40.02,49.8,3,4.0,2,25.2,2,2.58
86.7,75.06,7.73,64.62,86.34,3,4.0,2,16.35,1,1.0
86.7,75.06,7.73,68.86,87.86,4,4.2,2,16.35,0,1.2
86.7,75.06,7.73,64.23,85.27,4,3.8,2,16.35,1,1.85
62.04,49.33,4.54,53.81,68.71,4,3.8,3,11.95,2,1.81
62.04,49.33,4.54,34.84,56.03,3,3.6,3,11.95,2,2.1
62.04,49.33,4.54,37.66,69.35,3,4.0,3,11.95,2,2.29
65.56,63.38,6.97,59.56,72.26,3,4.0,2,13.37,1,1.24
65.56,63.38,6.97,52.53,63.08,3,3.6,2,13.37,2,1.73
65.56,63.38,6.97,52.86,67.62,4,3.4,2,13.37,2,2.34
65.56,63.38,6.97,43.59,64.17,4,4.2,2,13.37,2,3.7
51.85,37.22,4.2,32.2,52.37,4,4.2,1,13.4,2,5.93
51.85,37.22,4.2,27.52,53.03,4,3.8,1,13.4,2,6.5
51.85,37.22,4.2,40.85,58.99,4,3.4,1,13.4,2,4.77
81.87,47.66,4.69,46.4,85.59,3,3.6,2,17.11,2,2.34
81.87,47.66,4.69,40.73,86.2,3,4.0,2,17.11,2,2.91
81.87,47.66,4.69,47.94,85.75,2,2.1,2,17.11,2,1.31
81.87,47.66,4.69,46.58,86.24,4,3.4,2,17.11,2,3.09
42.0,46.92,5.38,24.0,38.0,4,3.8,2,18.16,2,4.85
42.0,46.92,5.38,41.97,38.0,3,3.6,2,18.16,2,2.54
42.0,46.92,5.38,29.26,41.2,2,2.1,2,18.16,2,1.89
77.96,35.99,4.2,45.25,75.44,3,3.6,2,12.99,2,2.58
77.96,35.99,4.2,52.13,77.95,2,2.1,2,12.99,1,1.17
77.96,35.99,4.2,46.37,75.58,4,3.4,2,12.99,2,3.05
58.5,54.45,4.86,44.83,62.93,3,3.6,2,22.5,2,2.22
58.5,54.45,4.86,52.05,63.64,4,3.4,2,22.5,2,2.82
58.5,54.45,4.86,46.03,57.88,4,4.2,2,22.5,2,3.34
58.5,54.45,4.86,43.24,56.87,3,4.0,2,22.5,2,2.63
81.39,57.11,5.91,40.52,83.24,3,3.6,2,20.93,2,2.75
81.39,57.11,5.91,37.94,78.33,3,4.0,2,20.93,2,2.95
81.39,57.11,5.91,48.01,79.19,2,2.1,2,20.93,2,1.18
81.39,57.11,5.91,39.23,80.06,4,3.4,2,20.93,2,3.57
75.18,70.56,6.82,51.34,70.92,4,3.4,2,19.85,2,2.56
75.18,70.56,6.82,63.55,89.74,4,3.8,2,19.85,1,1.52
75.18,70.56,6.82,71.45,81.31,3,3.6,2,19.85,0,1.0
75.18,70.56,6.82,70.13,86.41,2,2.1,2,19.85,0,1.0
42.37,41.34,4.25,32.98,44.5,3,3.6,2,19.7,2,3.2
42.37,41.34,4.25,38.12,46.87,3,4.0,2,19.7,2,3.22
42.37,41.34,4.25,37.18,44.88,4,3.8,2,19.7,2,3.91
82.71,54.09,5.53,55.15,80.64,2,2.1,2,18.31,1,1.0
82.71,54.09,5.53,50.87,90.7,3,4.0,2,18.31,2,1.59
82.71,54.09,5.53,49.28,82.49,3,3.6,2,18.31,2,2.0
82.71,54.09,5.53,46.25,82.55,4,3.8,2,18.31,2,3.01
75.86,71.52,7.14,56.64,71.35,4,3.8,2,17.42,2,2.54
75.86,71.52,7.14,63.16,70.54,4,4.2,2,17.42,1,1.69
75.86,71.52,7.14,58.93,79.34,3,3.6,2,17.42,1,1.42
75.86,71.52,7.14,62.58,73.52,3,4.0,2,17.42,1,1.36
54.07,65.94,7.02,45.43,58.09,4,3.8,2,27.0,2,3.01
54.07,65.94,7.02,40.7,47.18,4,3.4,2,27.0,2,3.4
54.07,65.94,7.02,57.63,46.5,3,4.0,2,27.0,2,1.72
54.07,65.94,7.02,51.47,63.61,4,4.2,2,27.0,2,2.44
64.34,68.44,6.4,66.28,76.8,4,3.4,2,17.41,1,1.13
64.34,68.44,6.4,52.26,67.73,4,4.2,2,17.41,2,2.27
64.34,68.44,6.4,58.86,77.47,3,4.0,2,17.41,1,1.7
64.34,68.44,6.4,57.02,72.12,3,3.6,2,17.41,1,1.57
86.47,70.53,7.0,50.97,85.34,3,4.0,3,21.23,2,1.31
86.47,70.53,7.0,65.56,92.35,4,3.4,3,21.23,1,1.38
86.47,70.53,7.0,52.56,86.88,4,3.8,3,21.23,1,2.35
86.47,70.53,7.0,59.04,82.46,4,4.2,3,21.23,1,1.75
99.0,60.69,5.69,69.79,92.81,2,2.1,3,11.36,0,1.0
99.0,60.69,5.69,44.73,88.49,4,4.2,3,11.36,2,2.61
99.0,60.69,5.69,63.11,100.0,3,3.6,3,11.36,1,1.04
93.82,88.34,8.72,79.57,97.57,3,3.6,2,19.83,0,1.0
93.82,88.34,8.72,79.27,100.0,2,2.1,2,19.83,0,1.0
93.82,88.34,8.72,74.42,100.0,4,3.8,2,19.83,0,1.0
93.82,88.34,8.72,67.28,89.36,4,4.2,2,19.83,1,1.68
80.75,53.62,6.06,43.32,79.68,4,3.4,3,13.88,2,2.49
80.75,53.62,6.06,52.17,82.21,3,4.0,3,13.88,1,1.62
80.75,53.62,6.06,47.19,76.87,4,4.2,3,13.88,2,2.52
80.75,53.62,6.06,55.36,90.52,4,3.8,3,13.88,1,1.98
83.72,53.27,5.34,55.08,85.24,3,3.6,3,26.25,1,1.46
83.72,53.27,5.34,45.64,80.62,4,4.2,3,26.25,2,2.43
83.72,53.27,5.34,48.16,82.66,2,2.1,3,26.25,2,1.0
83.72,53.27,5.34,47.58,82.18,4,3.8,3,26.25,2,2.47
84.49,57.97,5.38,53.57,82.22,4,3.8,1,11.83,1,3.19
84.49,57.97,5.38,47.71,72.99,3,4.0,1,11.83,2,3.05
84.49,57.97,5.38,48.62,85.91,4,3.4,1,11.83,2,3.72
84.49,57.97,5.38,52.67,75.94,4,4.2,1,11.83,1,3.46
51.37,42.32,4.2,29.18,52.41,4,3.8,2,8.0,2,4.59
51.37,42.32,4.2,37.43,64.01,4,3.4,2,8.0,2,3.93
51.37,42.32,4.2,33.45,46.56,4,4.2,2,8.0,2,4.46
51.37,42.32,4.2,50.51,47.09,2,2.1,2,8.0,2,1.22
94.75,70.85,7.47,61.74,96.14,4,3.8,2,16.15,1,1.74
94.75,70.85,7.47,68.38,96.03,3,3.6,2,16.15,0,1.3
94.75,70.85,7.47,59.92,100.0,3,4.0,2,16.15,1,1.63
94.75,70.85,7.47,79.99,97.87,2,2.1,2,16.15,0,1.0
91.93,73.84,7.86,68.82,87.64,2,2.1,1,22.65,0,1.0
91.93,73.84,7.86,57.77,87.99,3,4.0,1,22.65,1,2.3
91.93,73.84,7.86,64.57,100.0,4,3.8,1,22.65,1,1.76
91.93,73.84,7.86,58.9,100.0,3,3.6,1,22.65,1,1.89
66.81,43.64,5.21,41.94,62.14,4,3.8,3,16.89,2,2.35
66.81,43.64,5.21,38.16,67.59,4,4.2,3,16.89,2,3.42
66.81,43.64,5.21,47.81,78.28,3,3.6,3,16.89,2,1.45
66.81,43.64,5.21,39.87,68.02,3,4.0,3,16.89,2,2.34
87.46,57.92,5.5,62.5,90.5,2,2.1,2,15.44,1,1.0
87.46,57.92,5.5,58.47,80.43,3,3.6,2,15.44,1,1.64
87.46,57.92,5.5,46.18,81.69,4,3.8,2,15.44,2,3.37
60.94,38.72,4.2,31.78,58.07,4,3.8,2,12.8,2,4.24
60.94,38.72,4.2,25.72,55.66,3,4.0,2,12.8,2,3.76
60.94,38.72,4.2,38.49,53.06,3,3.6,2,12.8,2,2.66
60.94,38.72,4.2,44.51,59.77,4,3.4,2,12.8,2,3.33
82.72,67.93,7.24,45.32,77.71,3,4.0,2,13.17,2,2.81
82.72,67.93,7.24,49.37,82.35,4,3.4,2,13.17,2,2.47
82.72,67.93,7.24,62.37,75.47,2,2.1,2,13.17,1,1.0
82.72,67.93,7.24,62.26,81.06,3,3.6,2,13.17,1,1.54
96.91,79.4,7.86,79.84,90.13,4,3.8,2,19.44,0,1.0
96.91,79.4,7.86,68.11,97.35,3,3.6,2,19.44,0,1.0
96.91,79.4,7.86,60.03,98.46,4,4.2,2,19.44,1,1.97
51.11,37.5,4.2,38.36,57.6,2,2.1,1,23.55,2,2.45
51.11,37.5,4.2,24.0,43.38,3,3.6,1,23.55,2,5.13
51.11,37.5,4.2,24.0,41.99,3,4.0,1,23.55,2,5.18
88.4,61.99,6.06,51.31,87.55,4,3.8,2,20.62,2,2.74
88.4,61.99,6.06,51.33,81.84,4,3.4,2,20.62,2,2.93
88.4,61.99,6.06,53.54,91.64,4,4.2,2,20.62,1,2.7
74.91,43.1,4.67,35.03,66.68,4,3.8,1,21.38,2,5.23
74.91,43.1,4.67,37.98,85.32,3,4.0,1,21.38,2,3.89
74.91,43.1,4.67,35.21,67.7,4,4.2,1,21.38,2,5.47
72.88,52.79,4.75,39.26,59.34,4,3.8,2,17.29,2,3.58
72.88,52.79,4.75,50.24,71.25,2,2.1,2,17.29,2,1.0
72.88,52.79,4.75,49.99,74.69,3,4.0,2,17.29,2,2.1
74.03,74.51,6.9,63.49,74.95,4,4.2,2,14.34,1,1.85
74.03,74.51,6.9,63.68,67.64,3,4.0,2,14.34,1,1.1
74.03,74.51,6.9,61.68,75.66,4,3.8,2,14.34,1,1.76
91.86,53.84,5.9,60.53,84.1,2,2.1,3,15.03,1,1.0
91.86,53.84,5.9,47.47,84.89,3,4.0,3,15.03,2,1.57
91.86,53.84,5.9,55.43,94.19,4,3.4,3,15.03,1,1.62
91.86,53.84,5.9,63.25,98.15,3,3.6,3,15.03,1,1.0
79.89,58.36,5.79,63.75,75.75,2,2.1,1,18.96,1,1.0
79.89,58.36,5.79,42.01,85.64,4,3.8,1,18.96,2,4.85
79.89,58.36,5.79,54.45,76.54,4,3.4,1,18.96,1,3.08
71.8,49.14,4.75,45.49,63.14,3,4.0,2,13.73,2,2.21
71.8,49.14,4.75,45.33,76.85,4,4.2,2,13.73,2,3.52
71.8,49.14,4.75,53.53,83.42,2,2.1,2,13.73,1,1.15
71.8,49.14,4.75,38.46,67.78,3,3.6,2,13.73,2,3.01
63.97,65.93,6.25,44.68,67.12,4,4.2,1,15.02,2,4.35
63.97,65.93,6.25,55.73,62.09,3,3.6,1,15.02,2,1.94
63.97,65.93,6.25,46.79,68.54,4,3.8,1,15.02,2,4.24
63.97,65.93,6.25,56.99,61.72,3,4.0,1,15.02,2,2.05
90.82,56.53,5.52,66.23,96.17,4,3.4,3,15.17,1,1.2
90.82,56.53,5.52,50.12,100.0,4,4.2,3,15.17,2,1.89
90.82,56.53,5.52,43.74,95.09,4,3.8,3,15.17,2,2.72
90.82,56.53,5.52,56.54,91.93,3,3.6,3,15.17,1,1.55
62.57,45.64,4.29,43.68,56.53,2,2.1,3,19.32,2,1.08
62.57,45.64,4.29,39.62,61.61,4,4.2,3,19.32,2,3.27
62.57,45.64,4.29,35.44,67.14,4,3.4,3,19.32,2,3.05
62.57,45.64,4.29,40.33,58.63,4,3.8,3,19.32,2,3.21
88.34,71.37,7.12,64.96,95.34,3,4.0,3,20.92,1,1.0
88.34,71.37,7.12,59.53,81.34,4,4.2,3,20.92,1,1.56
88.34,71.37,7.12,64.95,95.64,3,3.6,3,20.92,1,1.0
84.57,71.53,7.46,71.04,91.69,3,3.6,2,14.01,0,1.0
84.57,71.53,7.46,63.76,79.15,4,4.2,2,14.01,1,2.05
84.57,71.53,7.46,64.72,79.3,2,2.1,2,14.01,1,1.0
84.57,71.53,7.46,55.34,83.28,4,3.8,2,14.01,1,2.5
63.0,66.21,7.03,52.57,50.09,3,4.0,3,16.54,2,1.84
63.0,66.21,7.03,57.87,61.02,2,2.1,3,16.54,2,1.0
63.0,66.21,7.03,41.22,71.52,3,3.6,3,16.54,2,2.14
59.52,39.98,4.58,42.63,69.91,3,3.6,2,12.22,2,2.73
59.52,39.98,4.58,43.03,59.52,4,3.4,2,12.22,2,3.63
59.52,39.98,4.58,32.67,56.76,2,2.1,2,12.22,2,1.97
70.45,54.34,6.33,47.1,72.73,3,3.6,2,13.43,2,2.31
70.45,54.34,6.33,38.33,79.89,4,4.2,2,13.43,2,4.06
70.45,54.34,6.33,50.74,70.68,4,3.4,2,13.43,2,2.91
70.45,54.34,6.33,58.17,70.73,2,2.1,2,13.43,1,1.0
81.52,64.7,6.05,54.33,87.92,4,3.8,2,20.35,1,2.43
81.52,64.7,6.05,52.33,75.65,4,4.2,2,20.35,2,2.91
81.52,64.7,6.05,65.12,90.6,3,4.0,2,20.35,1,1.0
46.7,32.0,4.2,27.12,38.0,2,2.1,1,17.64,2,2.55
46.7,32.0,4.2,24.03,49.74,4,3.8,1,17.64,2,6.89
46.7,32.0,4.2,35.04,47.98,4,3.4,1,17.64,2,5.11
46.7,32.0,4.2,25.58,41.8,3,4.0,1,17.64,2,4.96
55.08,40.26,4.2,24.0,56.74,4,3.8,2,15.7,2,4.92
55.08,40.26,4.2,34.33,46.72,2,2.1,2,15.7,2,1.63
55.08,40.26,4.2,24.85,49.18,3,3.6,2,15.7,2,3.81
55.08,40.26,4.2,24.29,40.12,3,4.0,2,15.7,2,4.14
84.09,60.69,5.39,45.22,83.03,3,4.0,2,19.48,2,2.52
84.09,60.69,5.39,53.99,81.54,4,4.2,2,19.48,1,2.49
84.09,60.69,5.39,44.34,84.25,4,3.8,2,19.48,2,3.47
70.36,56.36,5.83,52.55,73.36,3,3.6,1,14.45,2,2.4
70.36,56.36,5.83,48.62,57.3,4,3.8,1,14.45,2,3.7
70.36,56.36,5.83,38.87,73.69,4,4.2,1,14.45,2,5.03
70.36,56.36,5.83,44.94,65.39,4,3.4,1,14.45,2,4.12
74.58,54.72,5.54,52.57,78.23,3,3.6,1,16.03,1,2.68
74.58,54.72,5.54,49.48,62.81,2,2.1,1,16.03,2,2.08
74.58,54.72,5.54,47.61,78.86,3,4.0,1,16.03,2,3.23
74.58,54.72,5.54,52.81,81.21,4,4.2,1,16.03,1,3.35
62.45,57.37,5.68,51.49,71.63,3,4.0,3,14.33,2,1.28
62.45,57.37,5.68,46.57,60.49,4,3.4,3,14.33,2,2.26
62.45,57.37,5.68,58.75,65.52,3,3.6,3,14.33,2,1.17
71.8,53.92,5.81,46.85,73.74,4,3.8,3,13.49,2,2.31
71.8,53.92,5.81,42.81,79.13,3,4.0,3,13.49,2,1.71
71.8,53.92,5.81,48.17,74.41,4,4.2,3,13.49,2,2.48
89.35,44.98,4.67,55.29,78.97,4,3.4,3,8.0,1,1.58
89.35,44.98,4.67,39.07,81.2,3,3.6,3,8.0,2,2.4
89.35,44.98,4.67,45.63,93.27,4,4.2,3,8.0,2,2.43
89.35,44.98,4.67,47.22,82.71,4,3.8,3,8.0,2,2.25
71.8,40.79,4.2,45.04,65.21,2,2.1,2,15.57,2,1.3
71.8,40.79,4.2,41.45,66.23,3,3.6,2,15.57,2,2.3
71.8,40.79,4.2,40.28,70.59,4,3.8,2,15.57,2,3.56
65.94,55.4,5.23,40.18,67.31,3,4.0,2,14.69,2,2.52
65.94,55.4,5.23,54.4,68.59,3,3.6,2,14.69,2,1.63
65.94,55.4,5.23,42.04,60.28,4,3.8,2,14.69,2,3.42
60.55,32.0,4.2,24.64,56.37,4,3.8,1,22.72,2,6.5
60.55,32.0,4.2,33.86,66.96,4,4.2,1,22.72,2,5.4
60.55,32.0,4.2,46.58,68.1,2,2.1,1,22.72,2,1.97
78.03,58.64,5.58,53.96,90.11,3,4.0,1,13.12,1,2.58
78.03,58.64,5.58,42.02,68.79,3,3.6,1,13.12,2,3.21
78.03,58.64,5.58,51.85,77.58,4,4.2,1,13.12,2,3.73
62.07,48.39,4.61,46.41,64.97,4,3.4,2,11.93,2,2.9
62.07,48.39,4.61,34.74,64.49,4,4.2,2,11.93,2,4.31
62.07,48.39,4.61,42.69,63.0,3,3.6,2,11.93,2,2.44
62.07,48.39,4.61,37.05,63.16,4,3.8,2,11.93,2,3.79
65.59,62.9,6.14,46.84,71.53,4,4.2,1,19.53,2,4.23
65.59,62.9,6.14,58.41,72.81,4,3.4,1,19.53,1,2.54
65.59,62.9,6.14,54.82,68.0,2,2.1,1,19.53,2,1.59
65.59,62.9,6.14,49.35,68.91,4,3.8,1,19.53,2,4.11
69.79,66.89,6.81,56.44,78.51,3,3.6,2,14.66,1,1.8
69.79,66.89,6.81,55.21,80.9,4,3.8,2,14.66,1,2.28
69.79,66.89,6.81,55.69,60.48,3,4.0,2,14.66,2,1.73
69.79,66.89,6.81,51.47,75.25,4,4.2,2,14.66,2,2.57
85.5,68.45,6.81,59.49,91.58,4,3.8,1,16.52,1,3.05
85.5,68.45,6.81,57.09,84.42,3,4.0,1,16.52,1,2.52
85.5,68.45,6.81,47.46,75.68,3,3.6,1,16.52,2,3.04
79.96,72.68,6.85,58.72,84.72,4,4.2,2,8.0,1,2.09
79.96,72.68,6.85,52.03,77.74,4,3.8,2,8.0,1,2.75
79.96,72.68,6.85,62.3,81.89,3,3.6,2,8.0,1,1.25
79.96,72.68,6.85,56.81,66.9,3,4.0,2,8.0,2,1.4
66.97,58.12,6.25,62.89,71.19,2,2.1,2,14.21,1,1.0
66.97,58.12,6.25,38.76,70.85,4,3.8,2,14.21,2,3.68
66.97,58.12,6.25,50.89,65.53,4,4.2,2,14.21,2,2.96
87.67,67.32,6.84,55.16,82.97,4,3.4,1,15.52,1,3.08
87.67,67.32,6.84,49.2,76.68,4,3.8,1,15.52,2,3.75
87.67,67.32,6.84,54.88,86.76,4,4.2,1,15.52,1,2.97
87.67,67.32,6.84,57.28,90.45,3,3.6,1,15.52,1,1.92
76.17,72.93,7.5,52.44,72.34,3,4.0,1,14.35,2,2.29
76.17,72.93,7.5,50.12,81.77,4,3.4,1,14.35,2,3.38
76.17,72.93,7.5,51.69,73.1,4,4.2,1,14.35,2,3.59
83.48,76.92,7.75,66.39,82.68,3,3.6,1,11.22,1,1.3
83.48,76.92,7.75,68.66,85.91,2,2.1,1,11.22,0,1.0
83.48,76.92,7.75,56.2,90.67,3,4.0,1,11.22,1,2.19
83.48,76.92,7.75,66.78,85.16,4,4.2,1,11.22,1,1.58
57.18,62.65,6.37,40.57,52.49,3,4.0,3,11.66,2,2.51
57.18,62.65,6.37,54.53,51.27,4,3.8,3,11.66,2,2.0
57.18,62.65,6.37,50.5,65.64,3,3.6,3,11.66,2,1.76
57.18,62.65,6.37,54.73,50.52,4,3.4,3,11.66,2,1.71
66.75,40.88,4.2,46.29,68.67,3,4.0,3,14.94,2,2.07
66.75,40.88,4.2,38.2,58.41,4,3.4,3,14.94,2,2.63
66.75,40.88,4.2,43.06,62.31,4,3.8,3,14.94,2,2.73
66.75,40.88,4.2,35.14,57.55,3,3.6,3,14.94,2,2.42
51.87,37.63,4.2,43.84,56.03,2,2.1,2,18.15,2,1.09
51.87,37.63,4.2,38.66,49.52,4,3.4,2,18.15,2,3.85
51.87,37.63,4.2,34.68,54.45,4,3.8,2,18.15,2,4.15
51.87,37.63,4.2,28.36,61.89,3,4.0,2,18.15,2,3.54
89.91,53.38,5.54,55.88,84.84,2,2.1,2,13.05,1,1.15
89.91,53.38,5.54,54.34,97.27,3,4.0,2,13.05,1,2.0
89.91,53.38,5.54,61.23,96.76,4,3.4,2,13.05,1,1.86
89.91,53.38,5.54,43.23,81.61,3,3.6,2,13.05,2,2.47
81.81,67.33,6.73,54.28,79.71,4,3.4,2,18.89,1,2.62
81.81,67.33,6.73,43.21,78.22,4,3.8,2,18.89,2,3.61
81.81,67.33,6.73,58.61,85.03,4,4.2,2,18.89,1,1.87
81.81,67.33,6.73,54.34,84.9,3,3.6,2,18.89,1,1.92
67.03,48.75,4.84,36.04,72.42,4,4.2,2,15.04,2,4.21
67.03,48.75,4.84,41.63,67.81,4,3.8,2,15.04,2,3.84
67.03,48.75,4.84,57.18,73.23,2,2.1,2,15.04,1,1.13
67.03,48.75,4.84,43.47,62.03,3,4.0,2,15.04,2,2.18
54.97,41.6,4.31,38.21,57.54,3,4.0,3,13.35,2,2.36
54.97,41.6,4.31,28.42,45.88,4,3.8,3,13.35,2,3.79
54.97,41.6,4.31,37.15,52.5,4,4.2,3,13.35,2,3.08
54.97,41.6,4.31,33.22,53.87,3,3.6,3,13.35,2,2.73
67.18,46.63,4.2,38.4,71.49,3,4.0,3,8.0,2,2.28
67.18,46.63,4.2,42.42,75.87,4,3.8,3,8.0,2,2.35
67.18,46.63,4.2,39.95,76.03,3,3.6,3,8.0,2,2.15
67.18,46.63,4.2,40.92,64.68,4,3.4,3,8.0,2,2.45
69.36,65.22,6.07,67.25,73.6,4,4.2,2,21.27,1,1.0
69.36,65.22,6.07,58.29,72.11,4,3.8,2,21.27,1,1.96
69.36,65.22,6.07,47.93,64.88,3,4.0,2,21.27,2,2.12
69.36,65.22,6.07,52.87,61.95,3,3.6,2,21.27,2,1.81
75.0,44.05,4.5,40.51,81.4,3,4.0,3,14.34,2,2.16
75.0,44.05,4.5,48.01,79.64,4,3.4,3,14.34,2,2.02
75.0,44.05,4.5,37.76,78.68,4,3.8,3,14.34,2,2.82
75.0,44.05,4.5,46.32,74.5,4,4.2,3,14.34,2,2.87
84.92,50.06,4.87,43.44,75.19,4,3.8,1,11.84,2,4.39
84.92,50.06,4.87,58.32,87.31,2,2.1,1,11.84,1,1.0
84.92,50.06,4.87,43.71,84.96,3,4.0,1,11.84,2,3.1
84.92,50.06,4.87,46.1,79.46,4,4.2,1,11.84,2,3.67
97.22,60.73,6.27,54.57,92.04,2,2.1,3,10.99,1,1.0
97.22,60.73,6.27,54.89,96.42,4,3.8,3,10.99,1,1.76
97.22,60.73,6.27,66.94,100.0,4,3.4,3,10.99,1,1.14
98.73,78.01,8.03,64.11,97.86,4,4.2,2,9.74,1,1.61
98.73,78.01,8.03,64.55,91.78,2,2.1,2,9.74,1,1.0
98.73,78.01,8.03,73.71,100.0,4,3.8,2,9.74,0,1.0
75.63,33.39,4.2,27.47,62.61,4,4.2,2,16.39,2,5.02
75.63,33.39,4.2,43.54,79.79,2,2.1,2,16.39,2,1.11
75.63,33.39,4.2,44.27,80.4,4,3.4,2,16.39,2,3.19
75.63,33.39,4.2,38.08,73.75,3,3.6,2,16.39,2,3.05
74.86,33.68,4.2,32.23,73.68,3,3.6,2,19.99,2,3.15
74.86,33.68,4.2,29.87,74.43,4,4.2,2,19.99,2,4.49
74.86,33.68,4.2,44.99,76.03,3,4.0,2,19.99,2,2.62
74.86,33.68,4.2,37.4,78.91,4,3.4,2,19.99,2,3.74
62.37,53.85,5.82,43.09,62.74,4,4.2,3,23.89,2,2.76
62.37,53.85,5.82,42.73,62.77,4,3.4,3,23.89,2,2.73
62.37,53.85,5.82,38.64,50.32,3,4.0,3,23.89,2,2.6
62.37,53.85,5.82,50.22,59.98,4,3.8,3,23.89,2,2.11
67.3,53.2,5.29,53.6,70.44,3,3.6,2,20.36,2,1.94
67.3,53.2,5.29,54.92,79.03,4,3.8,2,20.36,1,2.3
67.3,53.2,5.29,59.0,73.87,2,2.1,2,20.36,1,1.0
67.3,53.2,5.29,42.42,66.84,4,4.2,2,20.36,2,3.48
77.18,53.99,5.46,52.03,72.28,3,3.6,3,8.0,2,1.46
77.18,53.99,5.46,39.88,77.51,3,4.0,3,8.0,2,2.47
77.18,53.99,5.46,52.23,75.02,4,3.4,3,8.0,2,1.97
60.7,67.33,6.6,63.35,72.45,2,2.1,2,13.56,1,1.0
60.7,67.33,6.6,45.16,57.44,4,4.2,2,13.56,2,3.26
60.7,67.33,6.6,50.18,63.18,3,3.6,2,13.56,2,2.39
75.47,74.67,7.89,61.31,72.72,3,3.6,2,18.37,1,1.47
75.47,74.67,7.89,56.67,78.52,4,4.2,2,18.37,1,2.26
75.47,74.67,7.89,55.28,82.71,4,3.4,2,18.37,1,2.31
62.18,44.28,4.28,51.44,60.84,2,2.1,2,10.54,2,1.07
62.18,44.28,4.28,44.66,56.86,4,3.8,2,10.54,2,2.97
62.18,44.28,4.28,37.71,63.52,3,3.6,2,10.54,2,2.76
65.61,61.17,6.2,55.13,71.2,4,4.2,2,15.21,2,2.76
65.61,61.17,6.2,60.5,68.14,4,3.4,2,15.21,1,1.49
65.61,61.17,6.2,41.77,70.77,3,3.6,2,15.21,2,2.81
77.89,83.62,7.67,65.6,71.29,4,3.4,1,15.67,1,1.89
77.89,83.62,7.67,69.32,81.79,3,4.0,1,15.67,0,1.16
77.89,83.62,7.67,70.05,84.1,4,3.8,1,15.67,0,1.57
77.89,83.62,7.67,55.82,88.2,3,3.6,1,15.67,1,2.16
72.5,49.83,5.12,50.34,72.97,4,3.8,1,8.77,2,3.62
72.5,49.83,5.12,49.54,77.83,4,3.4,1,8.77,2,3.83
72.5,49.83,5.12,38.62,70.06,4,4.2,1,8.77,2,5.1
72.5,49.83,5.12,47.24,79.23,3,4.0,1,8.77,2,3.11
63.17,62.21,5.73,56.32,69.65,4,3.8,3,20.89,2,1.98
63.17,62.21,5.73,51.02,57.89,3,3.6,3,20.89,2,1.75
63.17,62.21,5.73,45.43,62.48,4,4.2,3,20.89,2,2.77
65.98,53.68,5.0,31.47,63.87,3,4.0,3,8.0,2,2.43
65.98,53.68,5.0,50.39,73.51,4,4.2,3,8.0,2,2.02
65.98,53.68,5.0,40.98,68.08,4,3.8,3,8.0,2,2.73
65.98,53.68,5.0,31.96,55.29,4,3.4,3,8.0,2,3.23
67.36,62.01,6.61,51.75,71.68,2,2.1,3,14.91,2,1.0
67.36,62.01,6.61,63.48,70.12,4,3.8,3,14.91,1,1.43
67.36,62.01,6.61,57.66,72.34,3,3.6,3,14.91,1,1.3
67.36,62.01,6.61,49.71,70.81,3,4.0,3,14.91,2,1.64
62.14,52.82,4.66,48.74,65.17,4,3.8,3,17.36,2,2.35
62.14,52.82,4.66,54.99,55.43,2,2.1,3,17.36,2,1.03
62.14,52.82,4.66,50.25,65.91,4,4.2,3,17.36,2,2.09
58.49,38.35,4.2,43.52,58.29,4,4.2,3,19.77,2,2.77
58.49,38.35,4.2,39.75,58.2,2,2.1,3,19.77,2,1.14
58.49,38.35,4.2,38.53,54.28,4,3.4,3,19.77,2,2.93
58.49,38.35,4.2,32.56,56.44,3,4.0,3,19.77,2,2.46
64.16,61.72,6.23,49.57,65.54,4,3.8,2,19.67,2,2.65
64.16,61.72,6.23,38.22,69.37,4,4.2,2,19.67,2,3.94
64.16,61.72,6.23,50.4,67.15,4,3.4,2,19.67,2,2.56
73.41,63.27,6.38,71.92,87.8,3,3.6,2,17.52,0,1.0
73.41,63.27,6.38,55.15,83.53,4,3.4,2,17.52,1,2.54
73.41,63.27,6.38,51.16,72.49,4,3.8,2,17.52,2,2.6
73.41,63.27,6.38,43.71,71.84,4,4.2,2,17.52,2,3.49
51.8,37.7,4.45,34.44,52.57,4,3.4,1,14.62,2,5.02
51.8,37.7,4.45,24.0,41.47,4,4.2,1,14.62,2,6.7
51.8,37.7,4.45,31.54,52.6,4,3.8,1,14.62,2,5.96
51.8,37.7,4.45,31.37,51.04,3,3.6,1,14.62,2,4.44
62.49,61.1,6.62,48.98,67.41,4,4.2,1,10.3,2,3.74
62.49,61.1,6.62,55.28,61.23,2,2.1,1,10.3,2,1.59
62.49,61.1,6.62,48.94,62.93,3,3.6,1,10.3,2,2.83
62.49,61.1,6.62,52.91,58.59,4,3.4,1,10.3,2,3.19
56.48,32.0,4.2,35.54,64.05,3,4.0,3,16.52,2,2.59
56.48,32.0,4.2,26.48,55.47,2,2.1,3,16.52,2,1.54
56.48,32.0,4.2,40.6,56.48,4,3.4,3,16.52,2,2.56
85.57,68.69,6.47,60.8,83.76,4,3.4,3,9.58,1,1.59
85.57,68.69,6.47,52.38,73.48,4,3.8,3,9.58,2,1.82
85.57,68.69,6.47,54.25,89.26,3,4.0,3,9.58,1,1.71
85.57,68.69,6.47,62.99,86.5,3,3.6,3,9.58,1,1.0
81.62,55.28,5.31,53.06,88.19,3,4.0,3,17.75,1,1.41
81.62,55.28,5.31,55.16,83.94,4,3.8,3,17.75,1,1.27
81.62,55.28,5.31,42.25,84.76,4,4.2,3,17.75,2,2.25
83.77,65.36,6.46,52.92,79.54,4,3.4,2,21.56,1,2.74
83.77,65.36,6.46,56.65,88.24,3,4.0,2,21.56,1,1.76
83.77,65.36,6.46,54.0,76.75,4,3.8,2,21.56,1,2.62
67.2,45.83,4.57,37.97,65.26,4,4.2,3,13.42,2,3.32
67.2,45.83,4.57,55.22,75.69,2,2.1,3,13.42,1,1.0
67.2,45.83,4.57,30.28,66.13,4,3.8,3,13.42,2,3.52
67.2,45.83,4.57,41.88,64.51,4,3.4,3,13.42,2,2.59
75.82,59.8,6.14,42.47,68.19,4,3.8,2,17.55,2,3.54
75.82,59.8,6.14,50.89,78.42,4,3.4,2,17.55,2,2.69
75.82,59.8,6.14,53.37,66.85,3,4.0,2,17.55,2,1.8
69.22,68.5,6.81,59.45,72.16,3,3.6,3,18.35,1,1.04
69.22,68.5,6.81,58.34,66.44,4,3.8,3,18.35,2,1.39
69.22,68.5,6.81,62.1,80.46,3,4.0,3,18.35,1,1.0
69.22,68.5,6.81,56.15,70.41,4,4.2,3,18.35,1,2.26
64.52,53.47,5.36,45.06,65.33,3,3.6,3,23.99,2,1.95
64.52,53.47,5.36,55.35,64.65,2,2.1,3,23.99,2,1.0
64.52,53.47,5.36,44.13,69.13,4,3.4,3,23.99,2,2.56
64.52,53.47,5.36,44.98,61.2,3,4.0,3,23.99,2,2.35
72.02,49.35,5.14,45.18,68.03,4,4.2,1,14.52,2,4.49
72.02,49.35,5.14,47.13,76.05,4,3.8,1,14.52,2,4.05
72.02,49.35,5.14,39.95,64.92,3,4.0,1,14.52,2,3.83
72.02,49.35,5.14,46.32,72.11,2,2.1,1,14.52,2,1.79
46.16,51.21,5.11,34.66,45.55,2,2.1,2,20.81,2,1.91
46.16,51.21,5.11,48.37,45.75,4,3.4,2,20.81,2,2.82
46.16,51.21,5.11,35.38,40.85,3,3.6,2,20.81,2,2.96
73.38,56.99,6.45,47.42,71.8,2,2.1,2,23.33,2,1.46
73.38,56.99,6.45,48.78,81.94,4,3.8,2,23.33,2,2.55
73.38,56.99,6.45,43.71,77.33,4,4.2,2,23.33,2,3.43
89.84,58.67,6.09,47.11,91.17,4,4.2,1,14.88,2,4.36
89.84,58.67,6.09,57.9,89.76,3,4.0,1,14.88,1,2.1
89.84,58.67,6.09,64.9,91.13,3,3.6,1,14.88,1,1.42
87.18,62.15,6.31,57.46,85.98,3,3.6,2,20.04,1,1.3
87.18,62.15,6.31,64.71,95.56,4,3.4,2,20.04,1,1.95
87.18,62.15,6.31,53.33,89.11,4,3.8,2,20.04,1,2.34
80.55,54.37,6.14,45.7,77.7,4,3.4,1,16.24,2,3.77
80.55,54.37,6.14,37.98,80.1,4,4.2,1,16.24,2,5.2
80.55,54.37,6.14,47.41,81.44,3,3.6,1,16.24,2,3.2
80.55,54.37,6.14,56.22,73.09,2,2.1,1,16.24,1,1.09
57.92,54.18,5.18,44.72,52.8,4,3.8,1,19.87,2,4.18
57.92,54.18,5.18,49.28,53.29,4,4.2,1,19.87,2,4.0
57.92,54.18,5.18,34.55,52.99,3,4.0,1,19.87,2,4.12
57.92,54.18,5.18,49.39,51.53,2,2.1,1,19.87,2,1.41
82.05,69.17,6.78,49.52,79.07,4,4.2,2,11.93,2,2.79
82.05,69.17,6.78,64.92,78.94,4,3.8,2,11.93,1,1.54
82.05,69.17,6.78,65.32,74.42,2,2.1,2,11.93,1,1.0
90.21,80.54,8.64,61.78,90.94,3,4.0,3,17.22,1,1.18
90.21,80.54,8.64,71.93,85.68,2,2.1,3,17.22,0,1.0
90.21,80.54,8.64,70.87,91.67,4,3.8,3,17.22,0,1.0
90.21,80.54,8.64,60.42,89.21,3,3.6,3,17.22,1,1.27
88.37,79.05,8.34,64.15,91.31,4,3.8,3,15.3,1,1.3
88.37,79.05,8.34,69.13,82.87,3,3.6,3,15.3,0,1.0
88.37,79.05,8.34,65.36,91.25,3,4.0,3,15.3,1,1.0
88.37,79.05,8.34,64.21,91.51,4,4.2,3,15.3,1,1.18
70.08,64.86,6.56,76.38,71.1,2,2.1,2,14.35,1,1.0
70.08,64.86,6.56,60.08,69.83,4,3.4,2,14.35,1,2.11
70.08,64.86,6.56,49.01,63.56,3,3.6,2,14.35,2,2.27
77.0,54.73,5.15,35.75,71.73,4,3.4,1,21.51,2,5.51
77.0,54.73,5.15,45.45,67.22,3,4.0,1,21.51,2,3.3
77.0,54.73,5.15,48.4,75.97,2,2.1,1,21.51,2,1.51
90.13,80.51,7.94,66.52,86.8,4,3.8,1,20.91,1,1.8
90.13,80.51,7.94,70.92,90.39,3,3.6,1,20.91,0,1.0
90.13,80.51,7.94,65.77,87.29,4,4.2,1,20.91,1,1.88
90.13,80.51,7.94,61.96,75.3,2,2.1,1,20.91,1,1.21
74.17,46.17,4.79,47.6,78.55,3,3.6,2,19.95,2,2.72
74.17,46.17,4.79,43.95,87.28,4,3.4,2,19.95,2,3.34
74.17,46.17,4.79,41.74,77.16,2,2.1,2,19.95,2,1.39
74.17,46.17,4.79,47.98,79.14,4,4.2,2,19.95,2,3.09
87.46,64.24,6.68,57.98,91.72,4,3.8,1,17.4,1,2.67
87.46,64.24,6.68,63.91,85.63,4,3.4,1,17.4,1,1.75
87.46,64.24,6.68,57.7,91.92,3,3.6,1,17.4,1,2.38
87.46,64.24,6.68,66.02,87.34,2,2.1,1,17.4,1,1.0
81.31,47.17,4.79,42.49,75.35,4,4.2,3,16.4,2,2.59
81.31,47.17,4.79,59.25,87.05,4,3.8,3,16.4,1,1.67
81.31,47.17,4.79,40.33,81.82,3,4.0,3,16.4,2,2.04
81.31,47.17,4.79,53.21,72.96,3,3.6,3,16.4,2,1.4
84.67,53.35,5.07,58.0,96.99,4,3.4,3,16.27,1,1.88
84.67,53.35,5.07,51.66,94.45,4,4.2,3,16.27,2,2.43
84.67,53.35,5.07,45.97,77.7,2,2.1,3,16.27,2,1.0
84.67,53.35,5.07,50.84,82.79,4,3.8,3,16.27,2,2.12
61.98,59.97,5.62,47.5,63.13,3,4.0,3,8.0,2,2.0
61.98,59.97,5.62,49.65,51.73,4,3.4,3,8.0,2,2.12
61.98,59.97,5.62,54.53,64.1,2,2.1,3,8.0,2,1.02
64.49,60.21,6.61,51.49,66.01,4,3.8,2,17.06,2,2.73
64.49,60.21,6.61,46.23,70.21,4,4.2,2,17.06,2,3.2
64.49,60.21,6.61,42.35,57.91,3,4.0,2,17.06,2,2.67
84.03,78.76,7.9,63.86,77.03,3,3.6,2,17.83,1,1.05
84.03,78.76,7.9,79.71,99.34,2,2.1,2,17.83,0,1.0
84.03,78.76,7.9,59.23,78.08,3,4.0,2,17.83,1,1.58
84.03,78.76,7.9,63.02,92.25,4,3.4,2,17.83,1,1.84
92.65,49.0,5.06,57.24,90.43,2,2.1,2,16.91,1,1.3
92.65,49.0,5.06,48.68,88.83,3,3.6,2,16.91,2,2.05
92.65,49.0,5.06,45.64,81.57,4,3.4,2,16.91,2,3.05
92.65,49.0,5.06,52.79,87.57,4,3.8,2,16.91,1,2.48
75.79,67.39,7.57,51.81,76.44,4,3.4,2,19.31,2,2.66
75.79,67.39,7.57,58.2,77.96,3,4.0,2,19.31,1,1.5
75.79,67.39,7.57,56.07,72.71,2,2.1,2,19.31,1,1.0
71.3,47.93,5.82,46.68,82.15,4,4.2,3,11.71,2,2.45
71.3,47.93,5.82,56.62,73.15,4,3.4,3,11.71,1,1.94
71.3,47.93,5.82,46.96,72.38,3,4.0,3,11.71,2,1.67
71.3,47.93,5.82,47.71,75.81,4,3.8,3,11.71,2,2.36
66.8,39.15,4.2,53.41,70.6,4,3.4,1,17.7,2,3.52
66.8,39.15,4.2,34.54,73.6,3,4.0,1,17.7,2,4.05
66.8,39.15,4.2,34.76,64.05,4,3.8,1,17.7,2,5.56
66.8,39.15,4.2,38.68,62.78,4,4.2,1,17.7,2,5.19
97.28,84.38,8.81,70.2,97.35,3,3.6,1,16.26,0,1.14
97.28,84.38,8.81,73.29,100.0,2,2.1,1,16.26,0,1.0
97.28,84.38,8.81,77.1,95.08,3,4.0,1,16.26,0,1.0
97.28,84.38,8.81,73.02,100.0,4,3.4,1,16.26,0,1.0
55.78,39.55,4.2,28.44,51.66,4,3.4,3,10.39,2,3.56
55.78,39.55,4.2,32.52,53.19,3,3.6,3,10.39,2,2.68
55.78,39.55,4.2,32.22,70.33,3,4.0,3,10.39,2,2.68
74.43,55.49,5.52,49.18,69.25,3,4.0,1,20.6,2,3.06
74.43,55.49,5.52,47.68,76.88,4,3.4,1,20.6,2,4.06
74.43,55.49,5.52,52.63,77.11,4,3.8,1,20.6,1,3.57
67.03,58.25,6.72,54.48,66.6,4,3.4,1,18.16,2,2.93
67.03,58.25,6.72,55.62,63.13,2,2.1,1,18.16,2,1.41
67.03,58.25,6.72,65.39,72.54,3,3.6,1,18.16,1,1.55
67.03,58.25,6.72,38.11,67.62,4,3.8,1,18.16,2,5.12
83.6,46.98,4.62,51.23,84.6,3,4.0,2,11.68,2,2.25
83.6,46.98,4.62,39.86,73.81,4,3.4,2,11.68,2,3.55
83.6,46.98,4.62,46.95,83.32,3,3.6,2,11.68,2,2.1
71.72,42.47,4.72,52.17,78.03,2,2.1,2,14.79,1,1.15
71.72,42.47,4.72,39.43,76.1,4,4.2,2,14.79,2,3.95
71.72,42.47,4.72,46.36,76.23,3,3.6,2,14.79,2,2.33
71.72,42.47,4.72,44.15,69.72,3,4.0,2,14.79,2,2.51
58.62,34.27,4.2,48.67,59.21,2,2.1,2,13.13,2,1.19
58.62,34.27,4.2,24.0,59.08,3,4.0,2,13.13,2,3.84
58.62,34.27,4.2,24.0,46.75,4,3.8,2,13.13,2,5.44
58.62,34.27,4.2,24.45,58.74,4,4.2,2,13.13,2,5.52
79.39,58.37,5.64,46.77,76.58,4,3.8,1,18.69,2,3.94
79.39,58.37,5.64,41.93,71.9,3,4.0,1,18.69,2,3.14
79.39,58.37,5.64,51.48,79.03,2,2.1,1,18.69,2,1.55
99.0,70.17,5.92,63.99,100.0,4,3.4,3,21.83,1,1.76
99.0,70.17,5.92,73.46,100.0,2,2.1,3,21.83,0,1.0
99.0,70.17,5.92,68.21,94.94,3,4.0,3,21.83,0,1.0
99.0,70.17,5.92,62.18,100.0,4,3.8,3,21.83,1,1.49
90.42,61.27,6.25,63.43,83.42,3,3.6,1,24.06,1,1.38
90.42,61.27,6.25,61.3,92.72,4,3.8,1,24.06,1,2.38
90.42,61.27,6.25,53.9,89.95,4,3.4,1,24.06,1,3.01
90.42,61.27,6.25,52.58,98.67,4,4.2,1,24.06,1,3.15
72.06,57.76,5.71,45.69,56.34,2,2.1,3,14.41,2,1.0
72.06,57.76,5.71,54.74,79.16,4,4.2,3,14.41,1,2.05
72.06,57.76,5.71,50.12,75.23,3,3.6,3,14.41,2,1.82
72.06,57.76,5.71,44.53,80.5,4,3.8,3,14.41,2,2.55
66.49,56.02,6.02,49.87,70.9,4,3.4,2,8.0,2,2.81
66.49,56.02,6.02,35.12,62.7,3,4.0,2,8.0,2,3.13
66.49,56.02,6.02,42.04,61.76,3,3.6,2,8.0,2,2.78
70.98,63.76,6.23,48.54,66.5,3,3.6,1,16.44,2,2.71
70.98,63.76,6.23,47.75,65.84,4,3.8,1,16.44,2,3.93
70.98,63.76,6.23,59.17,69.9,2,2.1,1,16.44,1,1.0
89.79,69.49,6.89,65.72,86.14,4,3.4,1,26.0,1,2.24
89.79,69.49,6.89,64.36,87.3,3,3.6,1,26.0,1,2.02
89.79,69.49,6.89,57.15,91.17,3,4.0,1,26.0,1,2.29
89.79,69.49,6.89,54.28,88.84,4,3.8,1,26.0,1,3.36
53.03,44.69,4.82,33.36,64.99,3,4.0,2,15.63,2,3.15
53.03,44.69,4.82,38.7,44.67,2,2.1,2,15.63,2,1.83
53.03,44.69,4.82,36.35,51.98,4,3.8,2,15.63,2,3.73
53.03,44.69,4.82,33.49,41.95,4,3.4,2,15.63,2,4.07
52.29,48.77,5.45,44.86,55.0,4,3.8,2,15.54,2,2.88
52.29,48.77,5.45,52.44,54.41,4,3.4,2,15.54,2,2.5
52.29,48.77,5.45,38.27,47.05,4,4.2,2,15.54,2,4.18
66.11,57.78,5.76,42.39,65.88,3,4.0,3,22.22,2,1.94
66.11,57.78,5.76,60.12,66.78,2,2.1,3,22.22,1,1.0
66.11,57.78,5.76,51.17,71.28,4,4.2,3,22.22,2,2.61
67.09,55.81,6.09,41.15,62.3,3,3.6,3,21.72,2,2.33
67.09,55.81,6.09,51.81,55.03,2,2.1,3,21.72,2,1.11
67.09,55.81,6.09,46.12,65.66,3,4.0,3,21.72,2,2.11
67.09,55.81,6.09,41.69,79.38,4,4.2,3,21.72,2,2.92
64.2,62.65,6.65,39.54,50.69,4,4.2,2,13.81,2,3.7
64.2,62.65,6.65,34.46,47.01,3,4.0,2,13.81,2,3.17
64.2,62.65,6.65,45.91,61.59,4,3.8,2,13.81,2,3.35
64.2,62.65,6.65,58.57,65.1,2,2.1,2,13.81,1,1.0
53.51,44.92,4.77,38.12,38.0,2,2.1,3,21.42,2,1.62
53.51,44.92,4.77,40.94,55.87,3,3.6,3,21.42,2,2.1
53.51,44.92,4.77,25.45,62.7,3,4.0,3,21.42,2,3.19
53.51,44.92,4.77,40.3,42.16,4,3.4,3,21.42,2,2.81
64.64,63.14,6.21,52.53,65.16,2,2.1,1,19.38,2,1.55
64.64,63.14,6.21,50.49,67.0,4,3.4,1,19.38,2,3.45
64.64,63.14,6.21,39.9,67.97,3,4.0,1,19.38,2,4.02
64.64,63.14,6.21,44.17,60.03,4,4.2,1,19.38,2,4.23
47.5,41.82,4.23,32.58,56.55,3,4.0,2,15.79,2,3.53
47.5,41.82,4.23,42.84,49.18,2,2.1,2,15.79,2,1.64
47.5,41.82,4.23,34.63,47.83,4,4.2,2,15.79,2,4.2
84.73,66.58,6.21,59.7,81.53,4,3.4,3,21.23,1,1.29
84.73,66.58,6.21,50.1,69.8,3,4.0,3,21.23,2,1.44
84.73,66.58,6.21,61.17,80.2,4,3.8,3,21.23,1,1.5
69.73,48.81,4.75,43.53,62.64,4,4.2,2,18.0,2,3.32
69.73,48.81,4.75,50.03,61.73,2,2.1,2,18.0,2,1.24
69.73,48.81,4.75,32.34,64.12,3,3.6,2,18.0,2,3.45
69.73,48.81,4.75,51.7,71.54,4,3.8,2,18.0,2,2.57
80.66,54.07,5.06,52.36,76.39,4,3.4,2,19.09,1,2.77
80.66,54.07,5.06,45.94,82.57,4,3.8,2,19.09,2,3.22
80.66,54.07,5.06,43.73,70.4,3,3.6,2,19.09,2,2.39
80.66,54.07,5.06,41.24,72.77,4,4.2,2,19.09,2,3.94
92.39,68.92,6.99,69.06,89.98,2,2.1,2,20.64,0,1.0
92.39,68.92,6.99,66.8,100.0,4,3.4,2,20.64,1,1.35
92.39,68.92,6.99,55.08,97.97,3,3.6,2,20.64,1,1.52
99.0,73.83,6.97,64.5,100.0,4,3.4,2,28.0,1,1.3
99.0,73.83,6.97,60.96,93.47,4,3.8,2,28.0,1,1.76
99.0,73.83,6.97,59.42,100.0,3,4.0,2,28.0,1,1.16
47.32,38.84,4.2,40.14,46.37,2,2.1,2,13.47,2,1.43
47.32,38.84,4.2,27.11,49.33,4,3.8,2,13.47,2,5.09
47.32,38.84,4.2,43.79,50.25,4,3.4,2,13.47,2,3.02
47.32,38.84,4.2,25.19,47.9,3,4.0,2,13.47,2,3.73
85.78,67.93,6.31,71.43,86.56,2,2.1,2,14.07,0,1.0
85.78,67.93,6.31,65.05,88.88,3,3.6,2,14.07,1,1.0
85.78,67.93,6.31,64.12,95.95,3,4.0,2,14.07,1,1.21
69.29,58.22,5.48,61.33,71.86,2,2.1,3,19.36,1,1.0
69.29,58.22,5.48,43.0,72.15,3,3.6,3,19.36,2,1.99
69.29,58.22,5.48,51.49,68.6,4,3.8,3,19.36,2,2.1
69.29,58.22,5.48,44.48,74.56,4,4.2,3,19.36,2,2.45
80.13,58.79,5.42,54.1,89.84,4,4.2,1,17.03,1,3.52
80.13,58.79,5.42,67.71,85.57,2,2.1,1,17.03,1,1.0
80.13,58.79,5.42,49.28,84.51,3,4.0,1,17.03,2,2.76
87.26,62.18,6.17,57.67,88.08,4,3.4,2,11.34,1,2.25
87.26,62.18,6.17,60.14,90.44,3,4.0,2,11.34,1,1.59
87.26,62.18,6.17,66.15,84.59,4,3.8,2,11.34,1,1.82
74.42,45.18,5.0,40.77,73.77,3,3.6,2,16.5,2,2.72
74.42,45.18,5.0,35.94,76.18,4,3.8,2,16.5,2,4.11
74.42,45.18,5.0,57.95,80.5,2,2.1,2,16.5,1,1.0
64.03,70.84,7.14,63.92,58.04,2,2.1,1,22.98,1,1.0
64.03,70.84,7.14,49.94,70.95,4,3.8,1,22.98,2,3.45
64.03,70.84,7.14,50.67,57.35,3,3.6,1,22.98,2,2.55
64.03,70.84,7.14,58.29,62.75,3,4.0,1,22.98,2,1.75
87.68,57.85,5.76,58.08,100.0,3,3.6,3,17.79,1,1.41
87.68,57.85,5.76,57.4,89.18,4,3.4,3,17.79,1,1.59
87.68,57.85,5.76,53.2,85.77,4,3.8,3,17.79,1,1.68
50.41,39.86,4.2,31.79,46.13,3,4.0,1,14.3,2,4.53
50.41,39.86,4.2,40.39,55.38,3,3.6,1,14.3,2,3.94
50.41,39.86,4.2,34.79,48.28,4,3.4,1,14.3,2,5.37
50.41,39.86,4.2,29.84,38.0,4,3.8,1,14.3,2,5.72
83.01,67.56,7.17,59.93,83.3,4,4.2,2,13.23,1,2.48
83.01,67.56,7.17,56.45,84.09,4,3.8,2,13.23,1,2.47
83.01,67.56,7.17,58.05,88.21,4,3.4,2,13.23,1,1.75
83.01,67.56,7.17,68.1,84.12,2,2.1,2,13.23,0,1.0
58.66,41.31,4.2,32.09,50.88,4,3.4,1,21.35,2,5.54
58.66,41.31,4.2,38.09,57.85,4,4.2,1,21.35,2,5.25
58.66,41.31,4.2,37.8,61.05,4,3.8,1,21.35,2,5.05
58.66,41.31,4.2,53.2,68.54,3,3.6,1,21.35,2,2.49
81.49,51.81,5.24,48.59,89.4,4,3.8,1,13.07,2,4.03
81.49,51.81,5.24,62.29,92.77,2,2.1,1,13.07,1,1.08
81.49,51.81,5.24,49.42,79.73,4,3.4,1,13.07,2,3.47
81.49,51.81,5.24,48.11,81.62,4,4.2,1,13.07,2,4.09
57.93,62.16,6.62,61.7,65.99,2,2.1,2,15.62,1,1.0
57.93,62.16,6.62,49.12,49.46,4,4.2,2,15.62,2,3.17
57.93,62.16,6.62,38.29,53.3,4,3.8,2,15.62,2,4.1
62.41,68.32,7.06,52.52,67.43,4,3.4,1,16.63,2,3.17
62.41,68.32,7.06,43.98,56.41,3,3.6,1,16.63,2,3.23
62.41,68.32,7.06,43.27,59.54,3,4.0,1,16.63,2,3.86
62.41,68.32,7.06,53.95,49.55,2,2.1,1,16.63,2,1.65
67.15,56.97,5.86,47.74,66.18,4,4.2,2,16.54,2,3.14
67.15,56.97,5.86,47.19,64.86,2,2.1,2,16.54,2,1.29
67.15,56.97,5.86,40.48,66.21,4,3.8,2,16.54,2,3.84
85.57,62.01,5.6,57.18,77.9,4,3.8,1,23.81,1,3.1
85.57,62.01,5.6,47.63,86.82,4,4.2,1,23.81,2,3.87
85.57,62.01,5.6,67.57,84.21,2,2.1,1,23.81,1,1.01
85.57,62.01,5.6,51.67,78.66,3,3.6,1,23.81,2,2.56
83.47,47.9,5.04,32.24,75.31,4,4.2,2,19.23,2,4.57
83.47,47.9,5.04,52.26,100.0,3,4.0,2,19.23,1,1.99
83.47,47.9,5.04,53.69,86.83,2,2.1,2,19.23,1,1.0
67.4,63.04,6.38,57.57,68.56,3,3.6,2,14.3,1,1.42
67.4,63.04,6.38,57.45,64.66,4,3.8,2,14.3,2,2.16
67.4,63.04,6.38,38.67,73.52,3,4.0,2,14.3,2,2.69
95.2,59.72,5.67,61.11,97.43,4,3.4,1,18.25,1,2.24
95.2,59.72,5.67,65.43,98.24,3,3.6,1,18.25,1,1.24
95.2,59.72,5.67,50.26,95.37,4,3.8,1,18.25,2,3.86
47.25,39.97,4.26,31.85,46.31,4,4.2,1,17.07,2,5.96
47.25,39.97,4.26,36.73,47.69,3,4.0,1,17.07,2,4.05
47.25,39.97,4.26,35.73,45.08,4,3.8,1,17.07,2,5.09
69.16,56.88,6.01,58.8,67.72,2,2.1,3,15.27,1,1.0
69.16,56.88,6.01,43.82,74.15,4,4.2,3,15.27,2,2.84
69.16,56.88,6.01,43.1,58.01,3,3.6,3,15.27,2,1.94
68.02,63.76,6.07,55.86,68.69,4,3.4,2,17.55,1,2.03
68.02,63.76,6.07,56.37,74.22,4,4.2,2,17.55,1,2.07
68.02,63.76,6.07,49.91,64.13,4,3.8,2,17.55,2,2.87
85.0,69.37,7.13,60.18,92.41,3,4.0,2,8.0,1,1.73
85.0,69.37,7.13,52.57,82.06,4,3.4,2,8.0,1,2.64
85.0,69.37,7.13,60.17,93.36,4,4.2,2,8.0,1,1.71
85.0,69.37,7.13,64.67,82.35,2,2.1,2,8.0,1,1.0
82.29,58.81,5.93,57.9,76.74,2,2.1,3,15.82,1,1.0
82.29,58.81,5.93,50.92,82.48,4,4.2,3,15.82,2,2.46
82.29,58.81,5.93,45.64,75.27,3,4.0,3,15.82,2,1.7
82.29,58.81,5.93,56.07,74.17,4,3.4,3,15.82,1,1.68
99.0,57.0,5.01,42.32,97.52,4,3.8,2,10.0,2,3.42
99.0,57.0,5.01,61.58,97.45,2,2.1,2,10.0,1,1.04
99.0,57.0,5.01,60.23,97.97,3,4.0,2,10.0,1,1.48
84.88,65.41,7.26,54.9,76.83,4,3.4,3,10.25,1,2.01
84.88,65.41,7.26,56.09,86.64,3,3.6,3,10.25,1,1.24
84.88,65.41,7.26,53.14,92.04,3,4.0,3,10.25,1,1.41
84.88,65.41,7.26,61.19,92.8,4,3.8,3,10.25,1,1.37
82.54,58.41,5.85,44.13,88.18,3,4.0,2,13.95,2,2.88
82.54,58.41,5.85,55.43,81.19,4,4.2,2,13.95,1,2.4
82.54,58.41,5.85,58.06,93.25,3,3.6,2,13.95,1,1.42
82.54,58.41,5.85,65.67,78.99,2,2.1,2,13.95,1,1.0
75.05,58.61,5.97,30.33,66.62,4,3.8,2,13.59,2,4.59
75.05,58.61,5.97,48.87,74.31,4,4.2,2,13.59,2,3.13
75.05,58.61,5.97,46.63,79.46,4,3.4,2,13.59,2,2.97
75.05,58.61,5.97,43.83,71.02,3,3.6,2,13.59,2,2.54
66.68,43.76,4.52,39.43,64.39,2,2.1,1,12.93,2,2.25
66.68,43.76,4.52,42.87,59.43,3,3.6,1,12.93,2,3.22
66.68,43.76,4.52,35.58,69.86,3,4.0,1,12.93,2,3.99
66.68,43.76,4.52,26.43,67.45,4,3.8,1,12.93,2,6.5
86.45,56.44,5.56,49.2,88.13,2,2.1,1,17.18,2,1.58
86.45,56.44,5.56,49.22,76.81,4,3.4,1,17.18,2,3.4
86.45,56.44,5.56,60.72,84.37,4,3.8,1,17.18,1,2.72
70.65,57.88,6.24,50.58,68.15,3,4.0,3,14.06,2,1.69
70.65,57.88,6.24,47.61,74.06,4,3.4,3,14.06,2,1.98
70.65,57.88,6.24,52.54,64.42,4,4.2,3,14.06,2,2.6
70.65,57.88,6.24,65.89,71.06,2,2.1,3,14.06,1,1.0
84.75,47.21,4.65,47.51,88.22,4,4.2,1,20.67,2,4.33
84.75,47.21,4.65,48.49,80.63,3,4.0,1,20.67,2,3.07
84.75,47.21,4.65,39.51,81.65,4,3.8,1,20.67,2,4.34
52.99,45.37,4.57,32.08,49.8,4,3.4,2,14.52,2,4.35
52.99,45.37,4.57,39.54,56.86,2,2.1,2,14.52,2,1.99
52.99,45.37,4.57,30.45,51.32,3,3.6,2,14.52,2,3.16
55.31,41.07,4.2,37.23,58.33,4,3.4,2,12.05,2,3.95
55.31,41.07,4.2,32.91,55.1,3,3.6,2,12.05,2,3.29
55.31,41.07,4.2,34.01,47.02,4,3.8,2,12.05,2,4.04
55.31,41.07,4.2,32.34,51.39,4,4.2,2,12.05,2,4.44
69.62,51.26,5.49,33.78,57.41,3,4.0,3,8.0,2,2.84
69.62,51.26,5.49,42.51,62.77,4,3.4,3,8.0,2,2.35
69.62,51.26,5.49,31.53,72.75,3,3.6,3,8.0,2,2.37
69.62,51.26,5.49,47.47,66.93,4,3.8,3,8.0,2,2.38
85.63,48.09,4.88,58.6,89.97,4,3.4,1,12.84,1,2.57
85.63,48.09,4.88,50.87,85.62,3,3.6,1,12.84,2,2.78
85.63,48.09,4.88,51.86,72.25,4,4.2,1,12.84,2,3.24
63.03,32.0,4.2,33.66,58.09,2,2.1,1,15.43,2,2.35
63.03,32.0,4.2,29.98,61.38,3,3.6,1,15.43,2,4.44
63.03,32.0,4.2,24.0,61.15,4,3.4,1,15.43,2,6.43
63.03,32.0,4.2,25.74,53.56,4,3.8,1,15.43,2,6.23
59.09,47.25,4.94,45.98,67.26,4,3.8,3,23.24,2,2.61
59.09,47.25,4.94,43.32,56.64,4,3.4,3,23.24,2,2.81
59.09,47.25,4.94,56.28,60.31,2,2.1,3,23.24,2,1.0
59.09,47.25,4.94,34.7,57.28,3,4.0,3,23.24,2,2.5
77.13,65.23,6.61,55.86,78.08,3,4.0,3,24.05,1,1.41
77.13,65.23,6.61,53.81,67.69,3,3.6,3,24.05,2,1.34
77.13,65.23,6.61,56.21,76.56,2,2.1,3,24.05,1,1.0
65.25,36.12,4.2,44.18,69.89,2,2.1,3,12.13,2,1.02
65.25,36.12,4.2,43.3,73.12,4,3.4,3,12.13,2,2.82
65.25,36.12,4.2,36.86,64.76,4,4.2,3,12.13,2,3.44
60.08,48.49,5.27,43.84,64.47,3,3.6,1,8.0,2,3.17
60.08,48.49,5.27,50.66,61.34,4,3.4,1,8.0,2,3.41
60.08,48.49,5.27,45.91,59.63,4,3.8,1,8.0,2,4.34
86.41,71.45,6.77,58.29,87.94,3,3.6,2,22.64,1,1.23
86.41,71.45,6.77,63.04,83.59,4,3.4,2,22.64,1,1.72
86.41,71.45,6.77,61.49,84.12,3,4.0,2,22.64,1,1.53
86.41,71.45,6.77,64.71,86.17,4,4.2,2,22.64,1,1.59
72.57,67.11,6.46,58.03,66.84,4,3.4,2,9.97,1,2.02
72.57,67.11,6.46,59.59,77.93,2,2.1,2,9.97,1,1.0
72.57,67.11,6.46,36.98,60.92,4,4.2,2,9.97,2,4.19
72.57,67.11,6.46,58.77,84.95,4,3.8,2,9.97,1,2.01
77.57,77.33,6.99,70.37,78.08,2,2.1,2,17.65,0,1.0
77.57,77.33,6.99,55.79,77.42,4,4.2,2,17.65,1,2.18
77.57,77.33,6.99,51.02,72.7,4,3.8,2,17.65,2,2.77
76.87,59.75,6.0,54.01,67.72,3,3.6,2,22.48,2,1.97
76.87,59.75,6.0,61.54,83.58,4,3.4,2,22.48,1,1.61
76.87,59.75,6.0,55.32,80.09,4,3.8,2,22.48,1,2.17
88.02,70.13,6.44,57.31,89.57,3,4.0,2,13.81,1,1.54
88.02,70.13,6.44,57.64,79.47,4,3.4,2,13.81,1,2.32
88.02,70.13,6.44,50.23,98.17,4,3.8,2,13.81,2,2.72
71.91,67.56,6.59,57.77,68.58,2,2.1,2,15.65,1,1.0
71.91,67.56,6.59,49.49,66.72,4,4.2,2,15.65,2,3.32
71.91,67.56,6.59,58.53,69.0,4,3.4,2,15.65,1,2.22
71.91,67.56,6.59,55.82,61.58,3,4.0,2,15.65,2,1.74
70.4,43.71,4.2,60.22,65.64,2,2.1,1,19.35,1,1.12
70.4,43.71,4.2,46.49,67.32,4,3.4,1,19.35,2,3.78
70.4,43.71,4.2,42.03,80.56,3,4.0,1,19.35,2,3.49
70.4,43.71,4.2,45.81,75.5,3,3.6,1,19.35,2,2.82
85.39,63.17,6.35,46.69,82.23,3,4.0,2,20.84,2,2.51
85.39,63.17,6.35,52.02,77.29,3,3.6,2,20.84,1,1.78
85.39,63.17,6.35,54.24,88.7,4,3.4,2,20.84,1,2.05
76.24,59.49,5.69,45.67,80.88,4,4.2,1,15.24,2,4.23
76.24,59.49,5.69,59.81,75.53,4,3.8,1,15.24,1,2.62
76.24,59.49,5.69,54.35,71.65,3,3.6,1,15.24,2,2.44
59.49,44.87,4.99,38.45,62.71,2,2.1,2,13.25,2,1.34
59.49,44.87,4.99,35.5,56.17,4,4.2,2,13.25,2,4.29
59.49,44.87,4.99,34.4,54.89,3,4.0,2,13.25,2,3.05
87.16,60.71,5.75,49.82,85.23,4,3.8,2,14.04,2,2.95
87.16,60.71,5.75,57.77,78.39,4,4.2,2,14.04,1,2.22
87.16,60.71,5.75,59.65,89.96,2,2.1,2,14.04,1,1.0
76.04,48.33,4.54,44.34,82.67,4,3.8,1,19.85,2,4.07
76.04,48.33,4.54,53.58,80.1,3,4.0,1,19.85,1,2.11
76.04,48.33,4.54,40.32,72.21,4,4.2,1,19.85,2,4.66
61.77,35.92,4.2,27.89,55.1,4,3.4,2,10.99,2,4.76
61.77,35.92,4.2,33.6,53.71,2,2.1,2,10.99,2,1.87
61.77,35.92,4.2,24.2,62.08,4,4.2,2,10.99,2,5.11
60.0,50.89,5.05,44.09,68.1,4,3.8,3,19.21,2,2.81
60.0,50.89,5.05,35.34,69.37,4,3.4,3,19.21,2,3.38
60.0,50.89,5.05,36.03,58.34,4,4.2,3,19.21,2,3.15
57.17,70.36,7.03,51.54,55.47,4,3.4,3,15.77,2,2.03
57.17,70.36,7.03,48.57,54.68,3,3.6,3,15.77,2,1.73
57.17,70.36,7.03,54.67,56.21,3,4.0,3,15.77,2,1.45
57.17,70.36,7.03,59.8,60.73,4,4.2,3,15.77,2,1.84
84.45,85.3,8.68,73.66,93.4,3,4.0,1,17.3,0,1.0
84.45,85.3,8.68,72.4,95.27,3,3.6,1,17.3,0,1.01
84.45,85.3,8.68,70.96,83.32,2,2.1,1,17.3,0,1.0
84.45,85.3,8.68,67.75,81.75,4,3.4,1,17.3,1,1.87
69.89,49.32,4.72,38.85,62.9,3,4.0,1,19.21,2,3.92
69.89,49.32,4.72,43.03,61.3,4,3.8,1,19.21,2,4.35
69.89,49.32,4.72,36.15,72.97,4,4.2,1,19.21,2,5.45
81.93,69.06,6.43,53.3,73.03,3,3.6,2,16.55,2,1.69
81.93,69.06,6.43,67.99,90.12,4,3.4,2,16.55,1,1.05
81.93,69.06,6.43,62.59,86.55,3,4.0,2,16.55,1,1.13
91.51,59.19,6.09,58.45,80.26,2,2.1,2,19.57,1,1.0
91.51,59.19,6.09,58.91,100.0,3,3.6,2,19.57,1,1.31
91.51,59.19,6.09,47.22,83.82,4,3.8,2,19.57,2,3.62
54.05,53.93,5.15,43.42,46.51,4,4.2,1,15.1,2,4.78
54.05,53.93,5.15,39.56,55.11,2,2.1,1,15.1,2,1.72
54.05,53.93,5.15,36.22,42.84,4,3.4,1,15.1,2,5.38
71.95,70.04,6.81,44.21,60.92,4,3.8,3,17.27,2,2.42
71.95,70.04,6.81,50.22,90.52,3,4.0,3,17.27,2,1.66
71.95,70.04,6.81,60.45,70.7,4,3.4,3,17.27,1,1.41
61.83,62.48,6.47,51.53,63.69,3,4.0,3,16.46,2,1.07
61.83,62.48,6.47,47.34,70.03,4,3.8,3,16.46,2,2.54
61.83,62.48,6.47,49.87,56.57,4,4.2,3,16.46,2,1.87
88.01,58.66,5.57,57.62,99.4,4,3.4,2,14.39,1,2.1
88.01,58.66,5.57,51.51,85.11,4,3.8,2,14.39,2,2.81
88.01,58.66,5.57,58.54,96.26,3,3.6,2,14.39,1,1.34
69.02,48.72,4.98,39.28,57.14,4,3.4,1,14.56,2,4.64
69.02,48.72,4.98,43.68,81.55,4,3.8,1,14.56,2,4.57
69.02,48.72,4.98,44.57,68.48,3,4.0,1,14.56,2,3.42
75.7,76.37,7.94,55.17,67.95,4,4.2,2,13.07,2,2.55
75.7,76.37,7.94,76.46,72.15,2,2.1,2,13.07,1,1.0
75.7,76.37,7.94,50.3,82.34,4,3.8,2,13.07,2,3.42
75.7,76.37,7.94,54.06,75.63,3,4.0,2,13.07,1,1.87
75.93,66.38,6.27,54.16,65.15,4,3.4,3,22.75,2,1.96
75.93,66.38,6.27,58.83,73.55,2,2.1,3,22.75,1,1.0
75.93,66.38,6.27,61.55,79.48,4,4.2,3,22.75,1,1.9
75.93,66.38,6.27,57.9,79.98,3,3.6,3,22.75,1,1.14
80.47,52.26,5.31,58.39,83.09,2,2.1,1,15.92,1,1.1
80.47,52.26,5.31,50.09,80.97,3,3.6,1,15.92,2,2.73
80.47,52.26,5.31,43.48,93.1,3,4.0,1,15.92,2,3.36
74.03,50.59,5.42,43.51,72.08,3,4.0,2,18.61,2,2.19
74.03,50.59,5.42,59.91,79.26,4,3.8,2,18.61,1,1.89
74.03,50.59,5.42,56.56,73.06,2,2.1,2,18.61,1,1.15
71.91,74.69,8.06,59.5,70.47,3,3.6,2,14.68,1,1.71
71.91,74.69,8.06,53.81,69.53,4,4.2,2,14.68,2,2.52
71.91,74.69,8.06,51.89,73.45,4,3.4,2,14.68,2,2.81
71.91,74.69,8.06,62.22,75.8,4,3.8,2,14.68,1,1.63
65.52,66.75,6.97,48.9,62.82,3,3.6,2,13.01,2,1.77
65.52,66.75,6.97,67.27,58.81,2,2.1,2,13.01,1,1.0
65.52,66.75,6.97,43.41,67.65,4,3.8,2,13.01,2,3.38
65.52,66.75,6.97,55.3,62.78,4,3.4,2,13.01,2,2.43
88.14,70.56,6.57,65.46,86.51,2,2.1,2,14.11,1,1.0
88.14,70.56,6.57,63.47,98.18,4,3.8,2,14.11,1,1.52
88.14,70.56,6.57,61.58,83.68,3,4.0,2,14.11,1,1.21
88.14,70.56,6.57,59.31,96.09,4,3.4,2,14.11,1,1.53
91.4,55.57,5.25,43.76,87.7,4,4.2,3,18.72,2,2.9
91.4,55.57,5.25,60.46,89.38,4,3.8,3,18.72,1,1.78
91.4,55.57,5.25,54.35,94.77,2,2.1,3,18.72,1,1.0
91.4,55.57,5.25,54.3,98.63,3,4.0,3,18.72,1,1.63
84.15,60.86,6.27,67.8,82.38,2,2.1,1,17.83,1,1.0
84.15,60.86,6.27,62.69,100.0,4,3.4,1,17.83,1,2.27
84.15,60.86,6.27,57.41,92.59,3,4.0,1,17.83,1,1.94
84.15,60.86,6.27,54.13,90.05,4,3.8,1,17.83,1,2.86
81.56,40.44,4.2,48.69,76.94,3,3.6,2,9.18,2,1.57
81.56,40.44,4.2,30.31,84.64,4,4.2,2,9.18,2,4.6
81.56,40.44,4.2,43.85,73.02,2,2.1,2,9.18,2,1.5
59.26,50.89,5.5,39.1,60.42,4,4.2,1,19.13,2,5.36
59.26,50.89,5.5,48.88,55.17,2,2.1,1,19.13,2,1.62
59.26,50.89,5.5,37.96,67.38,3,3.6,1,19.13,2,3.87
71.04,54.72,4.7,40.69,63.96,4,3.4,2,12.61,2,3.37
71.04,54.72,4.7,45.39,69.1,3,3.6,2,12.61,2,2.51
71.04,54.72,4.7,45.83,76.73,3,4.0,2,12.61,2,2.69
71.04,54.72,4.7,54.57,70.47,4,4.2,2,12.61,1,2.53
97.02,67.83,6.7,53.78,100.0,4,3.8,3,17.18,1,1.49
97.02,67.83,6.7,60.02,96.28,3,3.6,3,17.18,1,1.0
97.02,67.83,6.7,50.68,94.49,2,2.1,3,17.18,2,1.0
97.02,67.83,6.7,51.47,97.55,4,4.2,3,17.18,2,2.5
71.78,63.98,6.09,52.77,66.97,3,3.6,2,15.69,2,2.2
71.78,63.98,6.09,43.23,70.98,4,4.2,2,15.69,2,3.88
71.78,63.98,6.09,45.05,62.04,4,3.8,2,15.69,2,3.29
71.78,63.98,6.09,60.78,68.51,2,2.1,2,15.69,1,1.0
71.77,63.36,6.24,46.55,68.59,3,3.6,2,20.57,2,1.89
71.77,63.36,6.24,51.35,67.35,4,3.4,2,20.57,2,2.62
71.77,63.36,6.24,68.62,76.54,2,2.1,2,20.57,0,1.0
74.14,48.97,5.16,46.74,81.24,4,3.4,3,22.72,2,2.33
74.14,48.97,5.16,38.81,78.03,3,4.0,3,22.72,2,2.08
74.14,48.97,5.16,40.84,71.26,3,3.6,3,22.72,2,1.9
74.14,48.97,5.16,42.53,69.87,4,3.8,3,22.72,2,2.86
82.48,75.18,7.0,61.08,79.11,2,2.1,2,14.83,1,1.0
82.48,75.18,7.0,68.69,82.31,3,4.0,2,14.83,0,1.0
82.48,75.18,7.0,65.07,76.24,4,3.8,2,14.83,1,1.53
82.48,75.18,7.0,62.4,77.4,4,4.2,2,14.83,1,1.76
91.36,61.64,5.61,54.08,94.28,4,3.4,2,11.79,1,2.24
91.36,61.64,5.61,52.27,85.98,3,3.6,2,11.79,1,1.93
91.36,61.64,5.61,36.29,92.78,4,3.8,2,11.79,2,3.96
91.36,61.64,5.61,60.09,100.0,2,2.1,2,11.79,1,1.14
58.24,53.97,5.12,45.5,61.44,2,2.1,1,13.98,2,2.09
58.24,53.97,5.12,35.37,53.08,4,4.2,1,13.98,2,5.32
58.24,53.97,5.12,51.11,56.84,4,3.8,1,13.98,2,3.85
58.24,53.97,5.12,35.78,56.23,3,4.0,1,13.98,2,4.06
74.16,51.1,5.15,41.61,63.57,3,3.6,1,8.0,2,3.12
74.16,51.1,5.15,35.13,61.84,3,4.0,1,8.0,2,4.33
74.16,51.1,5.15,43.13,65.02,4,4.2,1,8.0,2,4.93
80.85,68.75,7.12,57.94,73.95,4,3.4,3,12.3,1,1.37
80.85,68.75,7.12,53.95,74.19,3,4.0,3,12.3,1,1.47
80.85,68.75,7.12,59.21,79.1,3,3.6,3,12.3,1,1.27
74.67,48.0,4.55,55.63,71.8,2,2.1,1,19.37,1,1.56
74.67,48.0,4.55,53.76,75.15,4,3.8,1,19.37,1,3.57
74.67,48.0,4.55,50.46,72.21,3,4.0,1,19.37,2,2.19
74.67,48.0,4.55,51.88,77.55,4,3.4,1,19.37,2,3.12
81.08,64.55,6.61,52.45,79.65,4,4.2,2,20.0,1,2.57
81.08,64.55,6.61,65.5,86.38,4,3.4,2,20.0,1,1.68
81.08,64.55,6.61,60.01,76.17,3,3.6,2,20.0,1,1.42
81.08,64.55,6.61,50.95,76.22,4,3.8,2,20.0,2,3.13
53.69,48.53,4.82,42.59,62.94,4,3.8,1,14.17,2,4.52
53.69,48.53,4.82,29.02,54.39,3,4.0,1,14.17,2,4.73
53.69,48.53,4.82,44.44,54.95,4,3.4,1,14.17,2,4.15
66.43,60.53,6.19,43.81,71.37,4,3.8,2,12.76,2,3.3
66.43,60.53,6.19,54.37,55.71,2,2.1,2,12.76,2,1.24
66.43,60.53,6.19,57.2,65.97,4,3.4,2,12.76,2,2.32
66.43,60.53,6.19,38.16,56.46,4,4.2,2,12.76,2,4.3
79.01,56.48,5.35,46.33,77.64,4,3.4,3,14.74,2,2.59
79.01,56.48,5.35,63.64,79.66,3,4.0,3,14.74,1,1.0
79.01,56.48,5.35,44.89,79.64,4,4.2,3,14.74,2,2.86
75.37,51.52,4.83,39.83,72.07,3,4.0,3,14.2,2,2.24
75.37,51.52,4.83,39.55,78.08,4,3.8,3,14.2,2,2.76
75.37,51.52,4.83,53.02,62.75,4,3.4,3,14.2,2,2.13
82.65,66.65,6.48,55.17,74.06,4,4.2,2,18.01,2,2.56
82.65,66.65,6.48,42.12,78.02,4,3.8,2,18.01,2,3.49
82.65,66.65,6.48,58.76,84.33,4,3.4,2,18.01,1,2.14
51.72,57.85,5.72,39.67,41.63,3,3.6,1,22.51,2,3.79
51.72,57.85,5.72,59.52,55.59,4,3.4,1,22.51,2,2.33
51.72,57.85,5.72,41.05,50.4,3,4.0,1,22.51,2,3.38
51.72,57.85,5.72,45.46,56.42,4,4.2,1,22.51,2,4.51
64.26,41.52,4.2,31.73,60.14,4,4.2,2,8.97,2,4.41
64.26,41.52,4.2,46.78,68.84,4,3.4,2,8.97,2,2.73
64.26,41.52,4.2,59.04,60.64,2,2.1,2,8.97,1,1.48
94.51,75.17,7.62,68.86,93.97,2,2.1,1,14.14,0,1.0
94.51,75.17,7.62,68.36,86.01,4,4.2,1,14.14,0,1.79
94.51,75.17,7.62,65.75,83.14,4,3.8,1,14.14,1,2.13
70.02,36.41,4.2,29.76,66.63,4,3.4,3,16.64,2,3.39
70.02,36.41,4.2,47.3,66.87,3,4.0,3,16.64,2,1.96
70.02,36.41,4.2,45.72,72.69,2,2.1,3,16.64,2,1.12
70.02,36.41,4.2,24.31,70.26,4,3.8,3,16.64,2,3.93
65.01,48.2,4.92,42.67,61.08,2,2.1,2,19.07,2,1.59
65.01,48.2,4.92,41.96,66.37,4,3.8,2,19.07,2,3.99
65.01,48.2,4.92,37.26,63.22,3,3.6,2,19.07,2,2.88
70.14,75.32,7.14,61.21,61.48,4,3.4,2,16.15,2,1.59
70.14,75.32,7.14,72.89,76.87,2,2.1,2,16.15,0,1.0
70.14,75.32,7.14,60.58,61.65,4,4.2,2,16.15,2,1.67
70.14,75.32,7.14,71.8,78.25,3,4.0,2,16.15,0,1.12
75.1,55.5,5.33,55.0,72.67,3,3.6,3,22.55,2,1.5
75.1,55.5,5.33,43.78,71.17,3,4.0,3,22.55,2,2.07
75.1,55.5,5.33,49.17,69.17,4,4.2,3,22.55,2,1.99
62.85,47.53,4.73,38.12,64.18,3,4.0,1,23.56,2,3.95
62.85,47.53,4.73,42.31,70.11,4,3.8,1,23.56,2,4.74
62.85,47.53,4.73,53.52,58.61,4,3.4,1,23.56,2,3.0
93.83,90.39,9.03,80.68,94.45,4,4.2,3,13.99,0,1.0
93.83,90.39,9.03,75.13,92.11,3,4.0,3,13.99,0,1.0
93.83,90.39,9.03,81.82,91.57,3,3.6,3,13.99,0,1.0
93.83,90.39,9.03,88.66,100.0,2,2.1,3,13.99,0,1.0
52.26,37.23,4.2,47.09,49.77,2,2.1,2,15.45,2,1.5
52.26,37.23,4.2,41.33,50.3,3,4.0,2,15.45,2,2.45
52.26,37.23,4.2,44.98,51.75,3,3.6,2,15.45,2,2.38
56.7,58.64,6.2,35.86,50.21,4,4.2,1,19.16,2,5.36
56.7,58.64,6.2,47.52,53.47,4,3.8,1,19.16,2,3.9
56.7,58.64,6.2,48.23,57.8,2,2.1,1,19.16,2,1.72
55.96,58.74,5.57,49.64,66.83,3,4.0,2,16.36,2,2.29
55.96,58.74,5.57,43.97,56.51,2,2.1,2,16.36,2,1.38
55.96,58.74,5.57,47.98,64.49,3,3.6,2,16.36,2,2.3
85.69,60.21,6.14,55.93,89.65,4,3.4,1,9.1,1,2.87
85.69,60.21,6.14,53.79,92.17,4,4.2,1,9.1,1,3.22
85.69,60.21,6.14,63.31,92.59,3,3.6,1,9.1,1,1.47
85.69,60.21,6.14,46.75,75.99,4,3.8,1,9.1,2,3.86
78.28,60.55,6.87,50.42,82.27,4,4.2,3,14.52,2,2.05
78.28,60.55,6.87,47.32,79.72,3,4.0,3,14.52,2,1.59
78.28,60.55,6.87,64.07,77.19,3,3.6,3,14.52,1,1.0
71.57,59.11,6.07,48.93,75.19,3,4.0,1,17.03,2,2.47
71.57,59.11,6.07,48.07,79.6,4,4.2,1,17.03,2,3.7
71.57,59.11,6.07,40.41,74.36,4,3.8,1,17.03,2,4.47
57.73,37.84,4.2,34.62,55.76,3,4.0,2,19.77,2,3.13
57.73,37.84,4.2,39.88,49.21,2,2.1,2,19.77,2,1.47
57.73,37.84,4.2,30.63,45.92,4,3.4,2,19.77,2,4.64
57.73,37.84,4.2,36.07,54.25,3,3.6,2,19.77,2,3.29
55.39,37.78,4.2,33.1,47.54,3,3.6,2,13.29,2,2.99
55.39,37.78,4.2,31.18,52.36,4,4.2,2,13.29,2,4.49
55.39,37.78,4.2,41.34,50.64,3,4.0,2,13.29,2,2.78
55.39,37.78,4.2,24.06,59.28,4,3.8,2,13.29,2,4.79
72.43,71.57,6.81,65.62,65.31,3,3.6,2,9.33,1,1.33
72.43,71.57,6.81,65.47,73.55,4,3.4,2,9.33,1,1.29
72.43,71.57,6.81,58.72,59.74,3,4.0,2,9.33,2,1.36
72.43,71.57,6.81,56.38,61.94,4,3.8,2,9.33,2,2.23
66.1,44.98,4.94,47.83,61.9,3,3.6,3,12.88,2,1.7
66.1,44.98,4.94,42.39,57.06,4,4.2,3,12.88,2,2.67
66.1,44.98,4.94,32.17,70.07,3,4.0,3,12.88,2,2.54
66.1,44.98,4.94,32.66,58.87,4,3.8,3,12.88,2,3.31
59.62,53.73,4.94,40.49,66.64,4,4.2,1,8.0,2,5.08
59.62,53.73,4.94,47.13,61.67,3,3.6,1,8.0,2,2.82
59.62,53.73,4.94,45.54,49.11,2,2.1,1,8.0,2,1.69
59.62,53.73,4.94,39.3,51.9,4,3.4,1,8.0,2,4.9
76.06,65.7,6.17,65.35,86.12,2,2.1,1,12.82,1,1.0
76.06,65.7,6.17,55.65,72.22,4,4.2,1,12.82,2,2.97
76.06,65.7,6.17,57.72,79.77,4,3.8,1,12.82,1,2.82
76.06,65.7,6.17,53.53,80.61,3,3.6,1,12.82,1,2.24
65.91,65.37,6.75,49.74,66.61,4,4.2,3,8.45,2,2.51
65.91,65.37,6.75,55.37,70.08,4,3.8,3,8.45,2,1.72
65.91,65.37,6.75,56.6,64.07,3,4.0,3,8.45,2,1.2
75.2,64.34,6.59,62.96,82.22,3,4.0,1,17.7,1,1.66
75.2,64.34,6.59,42.91,80.08,4,3.8,1,17.7,2,4.47
75.2,64.34,6.59,54.96,71.62,3,3.6,1,17.7,2,2.12
74.6,55.58,5.61,38.6,68.78,3,4.0,2,16.02,2,2.88
74.6,55.58,5.61,46.64,75.13,4,4.2,2,16.02,2,2.95
74.6,55.58,5.61,54.89,62.66,2,2.1,2,16.02,2,1.11
81.01,75.39,7.01,57.35,72.67,4,4.2,3,13.77,1,1.53
81.01,75.39,7.01,65.11,79.88,3,4.0,3,13.77,1,1.0
81.01,75.39,7.01,67.32,83.25,4,3.4,3,13.77,1,1.2
66.93,58.93,5.49,47.24,65.56,3,4.0,2,9.6,2,2.15
66.93,58.93,5.49,44.86,66.52,4,4.2,2,9.6,2,3.18
66.93,58.93,5.49,45.6,66.82,3,3.6,2,9.6,2,2.63
66.93,58.93,5.49,43.45,57.07,4,3.4,2,9.6,2,3.39
79.11,63.42,6.67,51.95,68.07,3,4.0,1,19.12,2,3.01
79.11,63.42,6.67,55.48,81.17,3,3.6,1,19.12,1,2.0
79.11,63.42,6.67,53.53,83.2,4,3.8,1,19.12,1,3.25
79.11,63.42,6.67,54.89,80.12,2,2.1,1,19.12,1,1.17
80.29,70.28,7.06,43.19,74.04,3,4.0,2,23.03,2,2.42
80.29,70.28,7.06,66.75,77.89,4,3.8,2,23.03,1,1.69
80.29,70.28,7.06,63.68,81.02,4,3.4,2,23.03,1,1.4
80.62,57.98,6.02,49.62,79.55,4,3.4,3,13.72,2,2.35
80.62,57.98,6.02,50.28,77.83,4,4.2,3,13.72,2,2.47
80.62,57.98,6.02,53.57,77.12,3,3.6,3,13.72,1,1.52
80.62,57.98,6.02,50.31,83.28,3,4.0,3,13.72,2,1.88
72.32,61.46,6.39,50.56,72.75,3,3.6,1,14.17,2,2.58
72.32,61.46,6.39,59.44,71.97,4,3.4,1,14.17,1,2.59
72.32,61.46,6.39,45.71,57.43,3,4.0,1,14.17,2,3.2
71.17,58.56,5.72,51.57,65.45,4,4.2,2,17.55,2,2.4
71.17,58.56,5.72,51.77,65.91,3,4.0,2,17.55,2,1.77
71.17,58.56,5.72,53.33,80.54,4,3.4,2,17.55,1,2.21
71.17,58.56,5.72,58.58,68.43,2,2.1,2,17.55,1,1.0
71.71,37.79,4.2,44.17,71.88,3,3.6,2,10.39,2,2.25
71.71,37.79,4.2,46.98,77.73,4,3.4,2,10.39,2,2.79
71.71,37.79,4.2,45.08,77.65,3,4.0,2,10.39,2,1.98
71.71,37.79,4.2,48.06,72.46,2,2.1,2,10.39,2,1.34
67.84,46.7,5.2,46.07,68.72,4,3.4,2,16.86,2,2.93
67.84,46.7,5.2,57.16,73.36,2,2.1,2,16.86,1,1.0
67.84,46.7,5.2,51.61,68.44,4,4.2,2,16.86,2,2.66
74.69,64.5,5.75,49.66,70.49,3,4.0,3,21.22,2,1.91
74.69,64.5,5.75,51.87,74.7,4,3.4,3,21.22,2,1.73
74.69,64.5,5.75,57.68,70.69,4,3.8,3,21.22,2,1.77
74.69,64.5,5.75,60.19,76.19,2,2.1,3,21.22,1,1.0
64.95,50.63,4.76,39.32,61.36,4,4.2,3,16.05,2,3.39
64.95,50.63,4.76,41.43,67.79,3,4.0,3,16.05,2,1.76
64.95,50.63,4.76,42.18,59.38,4,3.8,3,16.05,2,2.87
71.66,50.15,5.13,39.39,67.27,3,4.0,2,26.02,2,2.96
71.66,50.15,5.13,39.57,88.4,4,3.8,2,26.02,2,3.36
71.66,50.15,5.13,52.97,75.24,4,3.4,2,26.02,2,2.52
51.04,45.57,4.71,43.56,52.35,2,2.1,3,11.98,2,1.0
51.04,45.57,4.71,40.05,42.06,4,3.4,3,11.98,2,3.12
51.04,45.57,4.71,40.03,46.3,3,3.6,3,11.98,2,2.37
86.26,67.56,6.64,72.38,85.89,2,2.1,1,19.84,0,1.0
86.26,67.56,6.64,62.67,83.39,3,4.0,1,19.84,1,1.53
86.26,67.56,6.64,57.6,78.23,4,3.8,1,19.84,1,2.74
61.17,68.01,6.96,52.92,56.97,3,4.0,3,17.11,2,1.17
61.17,68.01,6.96,54.17,59.09,4,4.2,3,17.11,2,2.14
61.17,68.01,6.96,69.2,63.36,2,2.1,3,17.11,1,1.0
61.17,68.01,6.96,56.73,64.76,4,3.4,3,17.11,2,1.48
83.3,57.48,5.82,57.98,84.54,3,3.6,1,14.16,1,2.2
83.3,57.48,5.82,57.25,74.1,2,2.1,1,14.16,1,1.27
83.3,57.48,5.82,56.73,85.61,4,3.8,1,14.16,1,2.83
64.96,32.0,4.2,28.12,65.82,4,4.2,1,20.55,2,6.29
64.96,32.0,4.2,30.08,59.56,4,3.8,1,20.55,2,6.34
64.96,32.0,4.2,37.4,60.12,2,2.1,1,20.55,2,2.14
64.96,32.0,4.2,44.02,68.04,3,4.0,1,20.55,2,3.42
51.05,42.14,4.76,26.82,57.59,4,3.8,1,15.78,2,6.5
51.05,42.14,4.76,24.0,51.76,3,4.0,1,15.78,2,5.12
51.05,42.14,4.76,45.75,49.65,2,2.1,1,15.78,2,1.78
44.88,50.91,4.86,42.95,53.72,4,4.2,3,14.41,2,2.73
44.88,50.91,4.86,55.66,38.0,2,2.1,3,14.41,2,1.0
44.88,50.91,4.86,27.28,42.73,3,3.6,3,14.41,2,2.57
44.88,50.91,4.86,43.23,48.16,4,3.8,3,14.41,2,2.76
90.15,59.66,6.02,53.12,82.8,4,3.4,2,15.1,1,2.72
90.15,59.66,6.02,49.78,98.76,4,3.8,2,15.1,2,3.11
90.15,59.66,6.02,58.99,90.27,3,4.0,2,15.1,1,1.5
90.15,59.66,6.02,65.39,89.21,2,2.1,2,15.1,1,1.0
59.6,65.01,6.37,61.94,63.29,2,2.1,1,17.11,1,1.0
59.6,65.01,6.37,46.77,50.43,3,3.6,1,17.11,2,3.07
59.6,65.01,6.37,50.77,64.84,4,4.2,1,17.11,2,3.63
59.6,65.01,6.37,40.81,65.48,3,4.0,1,17.11,2,3.96
58.94,55.73,5.83,54.42,61.85,2,2.1,2,8.29,2,1.33
58.94,55.73,5.83,42.3,60.53,3,3.6,2,8.29,2,2.32
58.94,55.73,5.83,44.8,52.45,4,3.8,2,8.29,2,3.04
69.41,50.11,4.84,49.21,77.93,4,3.8,2,19.77,2,3.04
69.41,50.11,4.84,41.23,68.98,3,4.0,2,19.77,2,2.59
69.41,50.11,4.84,42.17,67.34,4,4.2,2,19.77,2,3.76
96.43,63.49,5.77,44.42,86.81,4,4.2,1,8.0,2,4.47
96.43,63.49,5.77,56.5,93.87,2,2.1,1,8.0,1,1.53
96.43,63.49,5.77,56.16,98.1,4,3.4,1,8.0,1,2.6
96.43,63.49,5.77,59.05,100.0,3,4.0,1,8.0,1,1.95
79.56,58.43,5.75,51.59,85.45,3,3.6,1,11.1,2,2.66
79.56,58.43,5.75,52.95,81.59,4,3.4,1,11.1,1,3.18
79.56,58.43,5.75,61.46,77.75,2,2.1,1,11.1,1,1.0
60.52,71.74,7.36,51.5,63.85,4,4.2,2,17.22,2,2.76
60.52,71.74,7.36,59.21,65.3,2,2.1,2,17.22,1,1.0
60.52,71.74,7.36,55.12,53.0,3,4.0,2,17.22,2,1.7
60.52,71.74,7.36,52.85,61.29,3,3.6,2,17.22,2,1.87
55.64,47.22,4.57,34.07,47.53,3,4.0,2,18.54,2,3.25
55.64,47.22,4.57,46.72,53.44,2,2.1,2,18.54,2,1.16
55.64,47.22,4.57,41.12,59.4,4,3.4,2,18.54,2,3.95
79.72,60.31,6.53,49.32,73.79,3,4.0,1,23.37,2,2.89
79.72,60.31,6.53,57.89,81.71,4,3.4,1,23.37,1,2.44
79.72,60.31,6.53,55.75,74.09,2,2.1,1,23.37,1,1.52
60.04,47.45,5.08,40.81,61.59,4,3.4,2,14.8,2,3.22
60.04,47.45,5.08,39.17,57.86,4,4.2,2,14.8,2,4.19
60.04,47.45,5.08,48.33,57.7,3,3.6,2,14.8,2,2.46
83.81,54.96,5.6,45.18,81.34,3,4.0,2,15.8,2,2.44
83.81,54.96,5.6,61.26,88.08,2,2.1,2,15.8,1,1.0
83.81,54.96,5.6,48.03,82.77,4,4.2,2,15.8,2,3.35
83.81,54.96,5.6,44.38,89.0,4,3.4,2,15.8,2,3.21
88.93,51.21,5.84,42.77,87.99,4,3.8,1,12.63,2,4.7
88.93,51.21,5.84,57.03,90.76,3,3.6,1,12.63,1,1.86
88.93,51.21,5.84,48.2,73.8,4,3.4,1,12.63,2,3.57
88.93,51.21,5.84,40.97,78.72,4,4.2,1,12.63,2,4.99
76.26,76.03,7.24,65.44,78.03,2,2.1,3,19.52,1,1.0
76.26,76.03,7.24,57.13,79.2,4,3.4,3,19.52,1,1.74
76.26,76.03,7.24,67.64,76.46,3,4.0,3,19.52,1,1.0
76.26,76.03,7.24,61.23,77.56,4,4.2,3,19.52,1,1.11
70.38,41.87,4.63,39.09,68.76,4,3.8,3,15.76,2,2.95
70.38,41.87,4.63,41.59,69.36,2,2.1,3,15.76,2,1.16
70.38,41.87,4.63,39.59,68.2,4,4.2,3,15.76,2,2.87
89.01,55.06,5.15,52.04,99.51,3,3.6,3,18.67,1,1.29
89.01,55.06,5.15,58.32,83.43,4,3.4,3,18.67,1,1.81
89.01,55.06,5.15,40.03,95.53,4,4.2,3,18.67,2,3.03
89.01,55.06,5.15,43.34,78.83,4,3.8,3,18.67,2,2.55
82.52,63.11,6.07,50.72,73.4,4,3.4,3,9.34,2,2.24
82.52,63.11,6.07,43.66,85.86,3,4.0,3,9.34,2,1.82
82.52,63.11,6.07,53.82,80.67,4,3.8,3,9.34,1,2.0
82.52,63.11,6.07,54.07,91.03,3,3.6,3,9.34,1,1.71
79.2,54.13,5.57,50.14,71.96,2,2.1,1,19.34,2,1.61
79.2,54.13,5.57,46.16,80.85,3,4.0,1,19.34,2,3.0
79.2,54.13,5.57,45.1,87.12,4,3.4,1,19.34,2,4.17
79.2,54.13,5.57,34.97,75.62,4,4.2,1,19.34,2,5.49
68.28,56.73,6.27,43.33,67.52,2,2.1,3,18.15,2,1.0
68.28,56.73,6.27,45.25,63.39,3,3.6,3,18.15,2,1.71
68.28,56.73,6.27,49.5,60.75,4,3.4,3,18.15,2,2.2
68.28,56.73,6.27,50.17,78.95,3,4.0,3,18.15,2,1.65
75.19,65.51,6.54,60.78,71.94,2,2.1,2,8.23,1,1.03
75.19,65.51,6.54,53.76,80.82,4,4.2,2,8.23,1,2.37
75.19,65.51,6.54,56.79,76.82,4,3.8,2,8.23,1,2.23
75.19,65.51,6.54,50.02,78.97,3,3.6,2,8.23,2,2.01
89.09,61.67,5.81,61.32,85.84,4,3.8,1,14.17,1,2.05
89.09,61.67,5.81,57.95,82.67,4,4.2,1,14.17,1,3.11
89.09,61.67,5.81,67.35,81.15,3,3.6,1,14.17,1,1.0
99.0,59.35,5.8,58.78,100.0,3,4.0,1,15.18,1,2.0
99.0,59.35,5.8,57.98,100.0,3,3.6,1,15.18,1,1.57
99.0,59.35,5.8,68.04,91.95,2,2.1,1,15.18,0,1.0
99.0,59.35,5.8,57.02,100.0,4,3.8,1,15.18,1,3.17
90.05,65.65,6.82,61.59,97.29,4,3.8,3,8.0,1,1.32
90.05,65.65,6.82,56.79,91.77,3,4.0,3,8.0,1,1.02
90.05,65.65,6.82,57.95,81.08,3,3.6,3,8.0,1,1.1
90.05,65.65,6.82,63.41,79.44,2,2.1,3,8.0,1,1.0
74.83,57.83,6.19,40.08,69.8,4,4.2,2,10.75,2,3.8
74.83,57.83,6.19,42.8,74.75,3,4.0,2,10.75,2,2.48
74.83,57.83,6.19,45.83,77.13,3,3.6,2,10.75,2,2.02
74.83,57.83,6.19,57.82,69.99,4,3.8,2,10.75,1,1.87
76.63,55.39,5.25,52.32,65.08,4,4.2,1,11.62,2,3.36
